# DIST_PNC,OXFORD_COMMAS,NUM_PARAGRAPHS,NORM_FULL_STOPS,NORM_COMMAS,AVG_SENT_LEN,UNIGRAM_OVERLAP,BIGRAM_OVERLAP,TRIGRAM_OVERLAP,MATCHES_VOCAB_5K,MATCHES_VOCAB_10K,POLARITY,SUBJECTIVITY,SENTIMENT_ES,SENTIMENT_ML,SENTIMENT_ML_SCORE
3,6,7,0.09191176,0.06617647,22.5,0.00438596,0.0025641,0.00229885,0.68973214,0.046875,0.30779178,0.55526083,0,1,0.75
3,3,4,0.07488987,0.06167401,27.5625,0.00469484,0.00303951,0.00288184,0.74777448,0.03560831,0.25694444,0.53298611,0,1,0.75
2,1,1,0.12935323,0.07462687,12.76923077,0.00657895,0.00406504,0.00378788,0.69961977,0.01520913,0.37236652,0.62878788,0,1,1
4,0,1,0.05347594,0.12834225,49.14285714,0.00609756,0.00403226,0.00383142,0.608,0.024,0.36985294,0.49558824,0.99168514,1,0.75
4,1,4,0.07428571,0.07428571,21,0.00649351,0.00401606,0.00373134,0.72692308,0.06153846,0.31517017,0.55097776,0,1,1
2,7,6,0.09950249,0.11442786,17.36363636,0.00578035,0.00347222,0.00323625,0.69435216,0.03986711,0.48548951,0.70547786,0,1,1
2,0,1,0.09090909,0.05844156,25.75,0.00680272,0.00425532,0.004,0.74900398,0.01992032,0.40506629,0.54952652,0,1,1
3,6,6,0.13559322,0.06779661,16.6,0.00680272,0.00425532,0.00403226,0.67699115,0.02212389,0.3796875,0.58958333,0.00182297,1,1
5,6,5,0.07103825,0.13114754,26.30769231,0.00675676,0.00392157,0.00377358,0.79365079,0.02380952,0.45733471,0.76270661,0,1,1
3,3,6,0.08139535,0.13953488,18,0.00746269,0.00446429,0.00404858,0.756,0.02,0.58448276,0.78448276,0,1,1
2,0,2,0.08187135,0.06432749,25.53846154,0.00609756,0.00384615,0.00367647,0.71481481,0.05555556,0.21527576,0.45691515,0,1,1
5,3,2,0.09777778,0.13333333,23.11764706,0.00617284,0.00393701,0.00355872,0.73529412,0.02205882,0.35155844,0.56773449,0,1,1
3,1,1,0.18181818,0.01298701,19.93333333,0.00729927,0.00460829,0.00413223,0.77178423,0.04149378,0.4625,0.49125,0,1,1
2,5,1,0.12941176,0.07647059,14.80952381,0.00662252,0.00398406,0.0037594,0.69029851,0.05223881,0.38413793,0.57172414,0.00000002,1,1
4,9,1,0.11538462,0.1474359,322,0.0070922,0.00421941,0.00383142,0.68679245,0.01886792,0.38140909,0.77518182,0,1,0.75
2,3,4,0.08796296,0.07407407,16.91304348,0.00628931,0.00409836,0.00378788,0.72692308,0.05769231,0.25811111,0.48522222,0.00021722,1,1
2,0,1,0.11979167,0.046875,14.31818182,0.00636943,0.0041841,0.00404858,0.68924303,0.07171315,0.50916667,0.77111111,0,1,0.75
2,0,1,0.10404624,0.10404624,16.25,0.00645161,0.004,0.00389105,0.71484375,0.0390625,0.34505682,0.74706439,0,1,1
2,0,3,0.11009174,0.00917431,16.14285714,0.00909091,0.00621118,0.00584795,0.69811321,0.04402516,0.23034188,0.59401709,0,1,0.75
2,0,1,0.09411765,0.06470588,24.84615385,0.00641026,0.0041841,0.00393701,0.66935484,0.01209677,0.4265625,0.68177083,0,1,1
3,1,5,0.06597222,0.0625,23.90909091,0.00574713,0.00325733,0.00294118,0.63141994,0.05135952,0.28744589,0.42402597,0,1,1
3,0,1,0.17766497,0.01015228,9.05555556,0.00609756,0.00389105,0.00371747,0.70740741,0.01481481,0.50647619,0.60995238,0.99999947,1,1
2,8,1,0.10928962,0.16939891,22,0.00552486,0.00377358,0.00362319,0.70848708,0.01845018,0.32794118,0.53018207,0,1,1
2,0,4,0.11728395,0.04320988,18.16666667,0.00671141,0.004329,0.00404858,0.672,0.032,0.34306878,0.52201058,0,1,1
4,1,1,0.12315271,0.03940887,14.69565217,0.00571429,0.00384615,0.00361011,0.70609319,0.03942652,0.24730903,0.49618056,0,1,1
2,1,5,0.08071749,0.06278027,22.25,0.00552486,0.00309598,0.00283286,0.71676301,0.06358382,0.27322975,0.38193929,0.46274595,1,1
6,2,1,0.09230769,0.07179487,20.47368421,0.00595238,0.00364964,0.00342466,0.70567376,0.02836879,0.34973485,0.54383333,0,1,1
5,1,5,0.14814815,0.03703704,8.95454545,0.01149425,0.00763359,0.00694444,0.69178082,0.04109589,0.60959596,0.84444444,0,1,1
3,0,1,0.10212766,0.06808511,17.375,0.00490196,0.00319489,0.00303951,0.64444444,0.04126984,0.34084101,0.47469278,0,1,1
3,1,1,0.06382979,0.07978723,25.69230769,0.00584795,0.003861,0.00374532,0.64202335,0.05058366,0.39722222,0.74166667,0.99637681,1,1
2,6,1,0.1011236,0.10674157,20.46666667,0.00613497,0.00404858,0.00395257,0.72727273,0.03952569,0.39944357,0.53688088,0,1,1
2,0,4,0.0862069,0.03448276,22.0625,0.00595238,0.00358423,0.00332226,0.77181208,0.03020134,0.30046086,0.81804973,0.01588118,1,0.75
3,1,1,0.05586592,0.0726257,30,0.00757576,0.00431034,0.00392157,0.81712062,0.05058366,0.38290043,0.46728716,0,1,0.75
2,5,1,0.09815951,0.07361963,18.58823529,0.00657895,0.00398406,0.00384615,0.63671875,0.046875,0.33451178,0.55732323,0,1,1
2,0,1,0.18137255,0.05392157,9.51428571,0.00653595,0.00425532,0.00392157,0.66666667,0.0503876,0.27746528,0.59201389,0,1,1
5,1,3,0.15254237,0.05084746,189.5,0.00694444,0.00413223,0.00363636,0.50965251,0.01930502,0.21506494,0.48285714,0.99639152,1,1
2,0,1,0.09150327,0.0130719,21.13333333,0.0060241,0.00396825,0.00371747,0.76404494,0.03745318,0.39273399,0.61598522,0,1,1
2,2,1,0.11564626,0.03401361,17.29411765,0.00917431,0.00518135,0.00438596,0.73705179,0.02788845,0.25694444,0.73888889,0,1,1
3,3,1,0.13084112,0.08411215,13.07142857,0.01041667,0.00704225,0.00689655,0.63309353,0.03597122,0.38164336,0.63496503,0,1,1
2,0,1,0.12337662,0.02597403,15.36842105,0.00628931,0.00416667,0.00395257,0.788,0.016,0.41316667,0.65659259,0,1,1
3,2,1,0.06976744,0.12209302,29.9,0.00645161,0.00420168,0.004,0.74900398,0.03187251,0.37337662,0.65220779,0.00000371,1,1
2,4,1,0.10160428,0.07486631,19.61111111,0.00641026,0.00403226,0.00373134,0.59689922,0.03875969,0.17066416,0.40068922,1,1,1
7,0,3,0.09661836,0.09661836,21.66666667,0.00588235,0.00371747,0.00343643,0.66666667,0.0212766,0.12652083,0.50591667,0,1,1
3,0,4,0.18390805,0,8.71428571,0.008,0.00458716,0.00408163,0.68979592,0.01632653,0.24183298,0.41834734,0,1,1
3,1,1,0.02202643,0.05726872,31.14285714,0.00497512,0.00315457,0.00301205,0.68571429,0.03492063,0.3734375,0.57217262,0,1,1
2,0,1,0.15789474,0.05263158,12,0.00680272,0.00420168,0.00389105,0.60474308,0.05533597,0.35348958,0.66713542,0,1,0.75
2,1,1,0.19178082,0.02739726,9.92857143,0.01492537,0.00990099,0.00862069,0.79338843,0.01652893,0.325,0.56666667,0,1,1
2,4,3,0.12578616,0.0754717,17.72222222,0.00793651,0.0042735,0.00389105,0.68604651,0.04651163,0.26135417,0.54833333,0,1,0.75
2,1,6,0.1734104,0.02890173,12,0.00662252,0.00409836,0.00367647,0.651341,0.01532567,0.33256184,0.61287982,1,1,1
3,0,1,0.08383234,0.05389222,23,0.00628931,0.00409836,0.00384615,0.72137405,0.02671756,0.3675,0.51958333,0,1,1
2,0,1,0.1443299,0,11.0625,0.01052632,0.00714286,0.00684932,0.61290323,0.00645161,0.25388889,0.52944444,0.0514015,1,1
2,1,1,0.08888889,0.04444444,32.44444444,0.00671141,0.00420168,0.00395257,0.728,0.04,0.17621871,0.44963862,0,1,0.75
2,0,1,0.27428571,0.01714286,6.85106383,0.00704225,0.00438596,0.00403226,0.64615385,0.03846154,0.25865142,0.54774421,0,1,0.75
3,1,2,0.05829596,0.12107623,28.92307692,0.00505051,0.0033557,0.00325733,0.56622517,0.02317881,-0.05707071,0.30050505,0,-1,0.25
5,7,2,0.06432749,0.0877193,26.66666667,0.00591716,0.00381679,0.00371747,0.6802974,0.0260223,0.26960904,0.40407873,0,1,0.75
7,2,10,0.12871287,0.07920792,11.37931034,0.00561798,0.00404858,0.00392157,0.56854839,0.05645161,0.28333333,0.63008772,0,1,0.75
2,1,1,0.10497238,0.03867403,17.47058824,0.00662252,0.004329,0.00413223,0.612,0.036,0.28672249,0.4479481,0,1,1
4,0,5,0.17460317,0.03703704,8.76315789,0.00787402,0.00431034,0.00393701,0.63492063,0.03174603,0.40959957,0.63647186,0,1,1
3,1,1,0.13658537,0.03902439,14.03846154,0.00621118,0.00383142,0.00361011,0.62369338,0.02787456,0.39291667,0.47875,0,-1,0.25
2,0,5,0.19047619,0.03809524,12.1875,0.00952381,0.00666667,0.00632911,0.61688312,0.04545455,0.20555556,0.61666667,0,0,0.5
2,1,1,0.14619883,0.01754386,11.72,0.00934579,0.0047619,0.00404858,0.64528302,0.03018868,0.18628472,0.64722222,0,1,0.75
3,0,1,0.12048193,0.01204819,18.44444444,0.00595238,0.00373134,0.00357143,0.70714286,0.03571429,0.29656198,0.49479247,0,1,0.75
2,0,1,0.17672414,0.09482759,7.85,0.00826446,0.00483092,0.0041841,0.57936508,0.03968254,0.20087302,0.54793651,0,1,0.75
7,2,4,0.11914894,0.04680851,15.67857143,0.00460829,0.003003,0.00285714,0.66268657,0.03283582,0.20763889,0.46909722,0,-1,0.25
2,0,1,0.17857143,0,10,0.01265823,0.00877193,0.00833333,0.56910569,0.01626016,0.28809524,0.43809524,0,1,0.75
3,0,1,0.14450867,0.04624277,11.80769231,0.00689655,0.0042735,0.00396825,0.66403162,0.01185771,0.22999719,0.56535354,0,1,0.75
2,0,1,0.2247191,0.02808989,12.12,0.00943396,0.00636943,0.00574713,0.57563025,0.05882353,0.16615385,0.29153846,0.09004857,1,1
1,0,1,0.16923077,0,11.8,0.01408451,0.01030928,0.01030928,0.6875,0.02083333,0.4814876,0.69818182,0.00000653,1,1
3,3,5,0.14814815,0.06349206,11.25,0.00694444,0.00425532,0.004,0.632,0.016,0.40803571,0.69035714,0,1,1
3,1,2,0.10729614,0.07296137,17.73913043,0.00512821,0.00320513,0.003003,0.55172414,0.01567398,0.36047348,0.63328704,0,1,0.75
2,4,1,0.11940299,0.08208955,16.875,0.00787402,0.00456621,0.00421941,0.74042553,0.00425532,-0.10102941,0.6245098,0,-1,0.25
7,4,6,0.08583691,0.09012876,15.43478261,0.00632911,0.00416667,0.00390625,0.50588235,0.01568627,0.17469136,0.5217284,0,1,1
3,0,7,0.04301075,0.10215054,42.125,0.00621118,0.00374532,0.00350877,0.72262774,0.04379562,0.12722222,0.51,0,-1,0
2,1,4,0.09871245,0.06437768,17.56521739,0.00485437,0.00319489,0.00306748,0.58125,0.053125,0.06,0.25533333,0,1,0.75
4,3,2,0.12371134,0.05670103,15.82608696,0.00775194,0.00438596,0.00377358,0.63878327,0.01901141,0.37274892,0.5102381,0,1,1
2,2,1,0.09356725,0.03508772,20.33333333,0.00584795,0.00396825,0.00383142,0.73282443,0.0610687,0.23916667,0.67009804,0,-1,0.25
3,0,2,0.10194175,0.04368932,22.95,0.0047619,0.00284091,0.0027248,0.70909091,0.04848485,0.37635417,0.74447917,0,1,0.75
2,0,1,0.11038961,0.03896104,17.125,0.00699301,0.0045045,0.00414938,0.60714286,0.01984127,0.00463542,0.5646875,0,1,1
4,3,1,0.10714286,0.07142857,15.78947368,0.00787402,0.0046729,0.00420168,0.64541833,0.02788845,0.26143229,0.444375,0,1,1
3,4,2,0.08982036,0.06586826,19.6875,0.008,0.00471698,0.0041841,0.66260163,0.0203252,0.09296875,0.47020833,0,1,1
2,0,1,0.21917808,0.01369863,7.5625,0.01785714,0.01149425,0.01010101,0.63461538,0.03846154,0.34375,0.78125,0.00000015,1,1
2,1,7,0.19487179,0.06666667,8.30952381,0.00584795,0.00404858,0.003861,0.69512195,0.02845528,0.08654168,0.64093004,0,1,1
2,1,4,0.15920398,0.09950249,9.05714286,0.00694444,0.004329,0.00404858,0.6031746,0.03968254,0.13164983,0.46216931,0,1,0.75
2,0,1,0.17857143,0.03571429,8.05128205,0.00680272,0.00429185,0.00401606,0.672,0.012,0.30216553,0.54078231,0.00009179,1,1
4,1,4,0.11398964,0.06217617,13.91304348,0.00609756,0.0041841,0.004,0.59274194,0.04032258,0.29833333,0.42763889,0,1,1
2,0,1,0.24418605,0.01162791,7.47619048,0.01234568,0.00854701,0.0078125,0.62222222,0.06666667,0.11789216,0.38921569,0.9999802,1,1
2,1,7,0.13,0.09,12.2962963,0.00621118,0.00416667,0.00393701,0.49011858,0.02766798,0.33458333,0.659375,0,1,0.75
2,0,4,0.11618257,0.0746888,13.4137931,0.00518135,0.00331126,0.00318471,0.53674121,0.01916933,0.08666667,0.42057971,0,1,1
2,0,4,0.12254902,0.08823529,13.75,0.00628931,0.00403226,0.00390625,0.53629032,0.03225806,0.21968864,0.37847985,0.00000002,1,1
2,0,1,0.25925926,0,7,0.00729927,0.00458716,0.00401606,0.63241107,0.01976285,0.42351399,0.58479021,0,1,1
3,0,1,0.08629442,0.03553299,26.35714286,0.00540541,0.00343643,0.00330033,0.63843648,0.02605863,0.2025641,0.52051282,0,1,0.75
4,4,1,0.11734694,0.12755102,12.96,0.00613497,0.00411523,0.00393701,0.59533074,0.0077821,0.28606494,0.52845455,0,0,0.5
4,2,1,0.13903743,0.05347594,12.70833333,0.00675676,0.00434783,0.00406504,0.59274194,0.00806452,0.15464545,0.59688485,0,1,0.75
2,3,1,0.18085106,0.04255319,9.09090909,0.00653595,0.00425532,0.00404858,0.59677419,0.02419355,0.40458333,0.64770833,0,1,0.75
4,1,1,0.18110236,0.03937008,8.52173913,0.00943396,0.00645161,0.00617284,0.57575758,0.03636364,0.4575469,0.60350409,0,1,1
3,0,1,0.14035088,0.02339181,11.76923077,0.00662252,0.00413223,0.00390625,0.70769231,0.01923077,0.22684063,0.48084736,0,1,0.75
3,2,4,0.109375,0.08854167,14.04166667,0.00588235,0.00384615,0.00371747,0.65283019,0.03018868,0.361375,0.58083333,0,1,1
2,0,1,0.17261905,0.01785714,11.25,0.00729927,0.00440529,0.00398406,0.64202335,0.02723735,0.10203095,0.34752857,0,1,0.75
2,3,1,0.18877551,0.05612245,8.2972973,0.00724638,0.00452489,0.00416667,0.62549801,0.02390438,0.2513468,0.42283951,0,1,0.75
3,0,5,0.1299435,0.02259887,12.51851852,0.00641026,0.00404858,0.00377358,0.73359073,0.01544402,0.38132687,0.67919935,0,1,1
3,0,1,0.08724832,0.01342282,24.83333333,0.00641026,0.00383142,0.00363636,0.73021583,0.05035971,-0.10735294,0.61323529,0,-1,0.25
2,0,1,0.16981132,0.03773585,11.16666667,0.0106383,0.00714286,0.00641026,0.73619632,0.03067485,-0.17738095,0.56011905,0,-1,0
2,0,2,0.15483871,0.04516129,12.82608696,0.00917431,0.005,0.00421941,0.83730159,0,-0.16150794,0.52698413,0,-1,0.25
4,0,1,0.16197183,0.05633803,14.83333333,0.0078125,0.00549451,0.00520833,0.68235294,0,0.12979167,0.47229167,0,-1,0
4,1,1,0.06696429,0.06696429,29.53333333,0.00469484,0.00293255,0.00278552,0.68945869,0.03418803,0.38680556,0.53218695,0,-1,0
2,0,2,0.24299065,0.00934579,7.15384615,0.01,0.00719424,0.00684932,0.62328767,0.01369863,-0.105,0.69333333,0,-1,0
7,0,2,0.08181818,0.01363636,22.80952381,0.00490196,0.00271739,0.0025,0.75,0.02777778,0.04746032,0.42647266,0,-1,0.25
2,0,1,0,0.08333333,21,0.0625,0.0625,0.06666667,0.76470588,0,0.325,0.56666667,0.00099342,1,1
2,0,4,0.13194444,0.03472222,16.29411765,0.00714286,0.00440529,0.00408163,0.81526104,0.01606426,-0.01852092,0.60531746,0,-1,0.25
2,0,1,0.0625,0.07386364,25.08333333,0.00729927,0.00438596,0.00411523,0.74609375,0.015625,-0.08541667,0.51666667,0,-1,0.25
4,0,1,0.16216216,0.05405405,12.5,0.02040816,0.01724138,0.01694915,0.75409836,0.03278689,0.202,0.506,0.00000026,0,0.5
4,1,1,0.10194175,0.01941748,20,0.0052356,0.0030581,0.0028169,0.75287356,0.04597701,0.06977513,0.55760582,0,-1,0
2,0,1,0.06666667,0.02666667,31.8,0.01086957,0.00699301,0.00671141,0.86,0.03333333,-0.12342301,0.47549474,0,-1,0
4,3,6,0.14448669,0.05703422,14.48571429,0.00408163,0.00259067,0.00251889,0.71128609,0.02624672,0.2158547,0.52217949,0,-1,0
2,2,4,0.19354839,0.02150538,11.82352941,0.0106383,0.00714286,0.00662252,0.64189189,0.03378378,-0.36623377,0.68571429,0,-1,0
3,0,1,0.09090909,0.0969697,24.21428571,0.00653595,0.00421941,0.003861,0.6770428,0.03891051,0.18343137,0.48138763,0,-1,0.25
2,1,1,0.16853933,0.05617978,12.2,0.0106383,0.00680272,0.00645161,0.77358491,0.01886792,-0.11760331,0.49283747,0,-1,0
4,2,1,0.09009009,0.05405405,19.3,0.01041667,0.00699301,0.00671141,0.70666667,0.02666667,-0.11402597,0.56974026,0,-1,0
4,1,1,0.14482759,0.02068966,15.85,0.00699301,0.00431034,0.00395257,0.72222222,0.01190476,-0.1397619,0.45269841,0,-1,0
3,0,1,0.17142857,0.04761905,10,0.00970874,0.00714286,0.00671141,0.77777778,0.01960784,-0.00128205,0.64551282,0,-1,0.25
4,5,1,0.10471204,0.12565445,17.25,0.00588235,0.00387597,0.0037594,0.75968992,0.01550388,0.06191095,0.50688002,0,-1,0
4,7,4,0.13586957,0.10869565,18.23809524,0.00574713,0.00358423,0.003367,0.61034483,0.01724138,-0.07135714,0.55171429,0,-1,0
2,0,1,0.18947368,0.09473684,10.11111111,0.0125,0.008,0.00714286,0.70322581,0.07741935,0.255,0.88636364,0,1,0.75
2,1,1,0.1025641,0.05128205,166.5,0.00649351,0.003861,0.00358423,0.74712644,0.02681992,0.47222222,0.6712963,0,-1,0.25
3,1,5,0.06422018,0.11009174,27.125,0.00555556,0.00304878,0.0027933,0.7942029,0.03188406,-0.05982143,0.61994048,0,-1,0
6,0,1,0.1122449,0.05612245,19.9,0.00571429,0.00364964,0.00328947,0.71972318,0.01730104,-0.08611111,0.44814815,0,-1,0
3,1,1,0.10119048,0.06547619,16.4,0.00649351,0.00420168,0.00393701,0.66269841,0.02777778,-0.00297619,0.5452381,0,-1,0.25
7,4,5,0.08550186,0.06319703,16.03125,0.00420168,0.00277008,0.00265957,0.65921788,0.01117318,-0.08882813,0.48145833,0,-1,0
4,0,1,0.20720721,0.01801802,8.08333333,0.01086957,0.00714286,0.00675676,0.68,0.04666667,0.05620066,0.60264833,0,-1,0
3,0,2,0.14619883,0.03508772,13.04,0.00657895,0.00414938,0.00387597,0.71255061,0.04048583,-0.15172414,0.65689655,0,-1,0
6,0,2,0.18333333,0.01666667,9.07894737,0.00632911,0.00401606,0.00384615,0.69921875,0.03515625,-0.06856209,0.48398693,0,-1,0
4,1,1,0.08383234,0.04790419,25.76923077,0.00662252,0.00403226,0.00381679,0.74409449,0.02362205,0.0745614,0.58991228,0,-1,0
2,5,8,0.08661417,0.0984252,18.62962963,0.00471698,0.00280112,0.0025974,0.69553073,0.04748603,0.11818182,0.54393939,0,-1,0.25
7,0,1,0.13402062,0.02061856,12.07142857,0.0106383,0.00806452,0.0078125,0.64615385,0.02307692,-0.07777778,0.77222222,0,-1,0.25
4,6,5,0.0995671,0.1038961,17.22222222,0.00478469,0.00291545,0.00277778,0.76162791,0.02034884,0.09765625,0.56458333,0,-1,0
3,0,1,0.06372549,0.05882353,27.76923077,0.00588235,0.00377358,0.00352113,0.58064516,0.05376344,0.05622222,0.48477778,0,-1,0
5,0,2,0.14705882,0.05392157,11.56666667,0.00645161,0.00416667,0.00389105,0.72332016,0.00395257,-0.13112245,0.54846939,0,-1,0
3,0,1,0.13529412,0.04705882,49.42857143,0.00645161,0.00396825,0.00364964,0.76136364,0.03030303,-0.10833333,0.50555556,0,-1,0.25
3,2,2,0.08955224,0.02985075,22.58333333,0.0070922,0.00429185,0.00404858,0.82071713,0.01593625,-0.03425439,0.41710526,0,1,1
2,2,1,0.11643836,0.05479452,18.875,0.00666667,0.00421941,0.00401606,0.764,0.036,0.07311429,0.62942857,0,-1,0.25
2,0,1,0.13422819,0.0738255,18.26315789,0.00714286,0.00440529,0.00393701,0.75769231,0.01153846,-0.09477273,0.63333333,0,-1,0
2,1,1,0.17692308,0.03846154,62,0.00694444,0.0041841,0.00393701,0.65461847,0.02811245,-0.20138889,0.57222222,0,-1,0
2,2,1,0.08695652,0.10869565,24.25,0.00961538,0.00662252,0.00636943,0.72258065,0.03225806,-0.01203704,0.50687831,0,-1,0
3,0,1,0.13772455,0.04191617,13.86956522,0.00806452,0.00429185,0.00383142,0.71691176,0.02573529,-0.1157754,0.48217469,0,0,0.5
7,1,5,0.12972973,0.11351351,14.03846154,0.00581395,0.00404858,0.00389105,0.71774194,0.02016129,-0.05401961,0.45421569,0,-1,0
2,3,1,0.11320755,0.04402516,25.69230769,0.00666667,0.00384615,0.00367647,0.69776119,0.01865672,-0.18278388,0.68754579,0,-1,0
1,0,1,0.21359223,0,10.04545455,0.00970874,0.00657895,0.00625,0.64473684,0.00657895,-0.25486111,0.69768519,0,-1,0
6,2,1,0.06934307,0.05109489,32.26315789,0.00384615,0.002079,0.00197628,0.77217742,0.02419355,0.02070707,0.45530303,0,-1,0.25
3,2,3,0.07142857,0.05102041,27.53333333,0.00529101,0.0031746,0.00304878,0.75,0.0327381,-0.22857143,0.7327381,0,-1,0
5,2,1,0.09056604,0.06415094,19.17391304,0.00529101,0.00328947,0.00308642,0.67484663,0.02453988,0.21004902,0.3877451,0,1,0.75
7,1,1,0.12643678,0.06896552,13.73529412,0.0046729,0.00294985,0.00278552,0.67816092,0.01724138,0.11712008,0.46145022,0,-1,0.25
2,0,1,0.13068182,0.03409091,14.12,0.00645161,0.004,0.0037037,0.70656371,0.02316602,0.24090909,0.4719697,0,1,1
3,4,5,0.125,0.05625,19.05555556,0.00617284,0.00393701,0.0037037,0.68650794,0.05555556,0.26960526,0.48070175,0,-1,0
6,2,4,0.09142857,0.08571429,15.75,0.0106383,0.00719424,0.00649351,0.71518987,0.00632911,0.19010417,0.6,0,-1,0.25
5,1,6,0.18125,0.05625,12.2962963,0.00649351,0.00409836,0.00387597,0.71138211,0.01626016,-0.00236111,0.53541667,0,1,1
6,0,1,0.13425926,0.05555556,12.76666667,0.00540541,0.0035461,0.00338983,0.73144876,0.01060071,0.35272989,0.69622332,0,-1,0.25
3,2,1,0.10326087,0.06521739,20.5,0.00568182,0.0034965,0.00330033,0.75083056,0.02990033,0.3872449,0.54744898,0,1,1
8,0,5,0.12448133,0.04564315,12.48275862,0.00740741,0.00440529,0.00409836,0.62698413,0.03968254,0.22423469,0.61556122,0,1,1
4,3,1,0.10454545,0.04090909,12.73333333,0.00653595,0.0037594,0.00334448,0.70261438,0.05555556,0.39721154,0.51348291,0,1,0.75
4,1,1,0.07647059,0.09411765,25.92307692,0.00617284,0.00374532,0.00352113,0.78853047,0.03584229,0.34962121,0.5375,0,-1,0.25
4,0,2,0.08860759,0.10759494,23.69230769,0.00735294,0.00413223,0.00381679,0.78409091,0.01893939,0.24817927,0.77759104,0,-1,0.25
4,3,1,0.10982659,0.0982659,16.9,0.00699301,0.00414938,0.003861,0.76425856,0.02281369,0.21895833,0.62573718,0.00000053,1,1
3,2,3,0.10628019,0.07729469,16.9047619,0.0060241,0.00409836,0.00396825,0.67578125,0.01953125,0.49136364,0.70363636,0,1,1
4,0,1,0.09852217,0.00492611,17.45,0.00787402,0.0045045,0.00403226,0.7027027,0.02316602,0.0110101,0.49505051,0,0,0.5
2,1,1,0.11538462,0.04807692,17.08333333,0.00847458,0.00564972,0.00564972,0.78977273,0.00568182,0.38712963,0.55916667,0,1,0.75
5,0,2,0.09756098,0.05365854,19.61904762,0.00534759,0.00338983,0.00314465,0.66775244,0.03257329,0.29975,0.5975,0,1,1
5,1,14,0.09913793,0.07758621,15.17857143,0.00502513,0.00324675,0.00314465,0.68227425,0.04682274,0.01674242,0.55636364,0,1,0.75
2,2,1,0.11881188,0.05940594,18.52380952,0.00546448,0.00327869,0.00309598,0.72012579,0.05974843,0.32058824,0.56470588,0,-1,0.25
4,0,1,0.07284768,0.0397351,22.09090909,0.00980392,0.00649351,0.00617284,0.67073171,0.03658537,0.22789773,0.62125,0,0,0.5
4,0,1,0.08287293,0.01657459,27.14285714,0.00555556,0.00332226,0.00316456,0.71290323,0.03225806,0.25641667,0.52675,0,1,1
3,1,1,0.07801418,0.08510638,24.09090909,0.00775194,0.00502513,0.00454545,0.81497797,0.03964758,0.18636364,0.56363636,0,1,1
2,0,1,0.12258065,0.01290323,18.33333333,0.00724638,0.004,0.00364964,0.74368231,0.03610108,0.3765873,0.67539683,0,-1,0
4,1,1,0.1595092,0.07361963,13.92,0.00632911,0.00408163,0.00387597,0.70196078,0.01960784,0.19685185,0.61638889,0,1,1
4,1,1,0.10059172,0.04142012,17.89473684,0.00657895,0.00398406,0.00369004,0.76173285,0.01444043,0.35031328,0.52111529,0,1,1
2,4,6,0.11494253,0.10344828,19.70588235,0.00645161,0.00396825,0.00377358,0.71031746,0.02380952,0.38324784,0.6112381,0,1,0.75
4,0,2,0.0755814,0.0872093,21.26666667,0.00675676,0.0041841,0.00398406,0.75298805,0.03585657,0.09621212,0.31666667,0,1,0.75
2,1,2,0.14728682,0.07751938,23,0.00735294,0.00507614,0.00490196,0.62755102,0.04591837,0.13333333,0.43611111,0,-1,0
2,0,1,0.16666667,0,12,0.0625,0.05555556,0.05555556,0.86363636,0.04545455,0.85,1,0.01771662,1,1
6,0,1,0.14393939,0.00757576,10.14285714,0.00970874,0.00689655,0.00636943,0.625,0.06875,0.3760989,0.59835165,0,1,1
4,0,1,0.1,0.02222222,20.11764706,0.00617284,0.003663,0.00338983,0.70169492,0.02372881,0.22630071,0.49550265,0,1,0.75
5,0,4,0.07834101,0.04147465,23.23529412,0.00625,0.00367647,0.0033557,0.65878378,0.03716216,0.14026316,0.47368421,0,-1,0.25
4,0,1,0.16521739,0.02608696,12.70588235,0.00970874,0.00636943,0.00588235,0.79329609,0,0.07542335,0.41568627,0,0,0.5
6,1,1,0.04705882,0.03529412,27.44444444,0.00740741,0.00549451,0.00529101,0.56185567,0.07216495,0.08888889,0.43518519,0,-1,0
4,6,7,0.0952381,0.07936508,25.21052632,0.00529101,0.00294985,0.00278552,0.75568182,0.02840909,0.09387626,0.58109217,0,-1,0
3,0,1,0.14285714,0.03809524,14.75,0.00510204,0.0031348,0.00294985,0.66768293,0.05182927,0.10669533,0.54731777,0,-1,0.25
4,0,7,0.12315271,0.04433498,15.86956522,0.008,0.00440529,0.00396825,0.65322581,0.01209677,0.2675,0.494,0,1,0.75
3,0,1,0.15789474,0.01754386,12.44444444,0.00719424,0.00429185,0.00390625,0.71595331,0.0077821,0.22815789,0.45310777,0,1,0.75
3,0,1,0.13761468,0.06422018,12.66666667,0.01030928,0.00704225,0.00671141,0.72847682,0.04635762,0.37001748,0.53723776,0,1,0.75
6,5,1,0.09090909,0.07575758,18.94736842,0.00581395,0.00364964,0.00344828,0.70462633,0.04982206,0.533125,0.79875,0,1,1
8,2,7,0.09497207,0.09497207,29.36363636,0.00675676,0.00421941,0.00406504,0.67916667,0.0375,0.29781291,0.55224638,0,-1,0.25
3,6,1,0.07954545,0.09090909,20.4,0.00714286,0.00444444,0.004,0.6875,0.0625,0.22714286,0.39511905,0,-1,0.25
4,0,1,0.10880829,0.04663212,17.7,0.00598802,0.00378788,0.00361011,0.67279412,0.04044118,0.20202569,0.41037549,0,-1,0
4,0,4,0.11282051,0.02564103,18.47368421,0.00680272,0.0041841,0.00390625,0.72289157,0.01204819,0.37527778,0.59907407,0,1,0.75
2,3,5,0.07109005,0.1042654,22.16666667,0.00628931,0.00403226,0.00384615,0.67857143,0.04761905,0.2866129,0.48274194,0,-1,0.25
6,0,1,0.11949686,0.03144654,15.0952381,0.00632911,0.0041841,0.003861,0.74524715,0.03041825,0.19803074,0.4832342,0,1,1
3,1,1,0.11052632,0.03157895,13.18181818,0.00641026,0.00409836,0.004,0.5498008,0.02788845,0.25,0.50555556,0,-1,0.25
3,0,1,0.08426966,0.03932584,20.46666667,0.00632911,0.00406504,0.00389105,0.69379845,0.05813953,0.03285354,0.23747475,0,1,1
6,1,3,0.13068182,0.06818182,13.16,0.008,0.00421941,0.00383142,0.78409091,0.01136364,0.58707483,0.83684807,0,0,0.5
0,0,1,0,0,3,0.33333333,0.5,1,0.66666667,0,0.85,1,0.31669767,1,1
3,0,1,0.17482517,0.02097902,12.6,0.00775194,0.00431034,0.00393701,0.76095618,0.01992032,0.38267857,0.57792659,0,-1,0.25
4,0,1,0.1242236,0.01863354,17.73684211,0.00636943,0.00387597,0.00353357,0.75874126,0.01748252,0.31649958,0.64996658,0,1,1
5,4,5,0.1147541,0.07103825,21.17647059,0.00645161,0.00404858,0.00383142,0.69262295,0.02459016,0.26530075,0.51303644,0,1,0.75
5,1,1,0.24731183,0.03225806,8.30434783,0.0125,0.00813008,0.00729927,0.70860927,0.01986755,0.15403175,0.63187302,0,0,0.5
4,0,2,0.16981132,0.02515723,12.32,0.00671141,0.00438596,0.00409836,0.77959184,0.02040816,0.39981435,0.63119131,0,1,1
4,0,1,0.21111111,0.02222222,10.38888889,0.01265823,0.00826446,0.00699301,0.63870968,0.01290323,0.35997024,0.51845238,0,1,1
2,1,1,0.08029197,0.09489051,29.27272727,0.00632911,0.00396825,0.0037037,0.80970149,0.01492537,0.3708339,0.45190362,0,1,1
4,0,1,0.18987342,0.05063291,8.5,0.01724138,0.01234568,0.01123596,0.61956522,0.01086957,-0.05416667,0.39097222,0,1,0.75
4,1,1,0.10285714,0.04571429,22.8125,0.00625,0.00362319,0.00344828,0.78798587,0.01766784,0.21884488,0.52217605,0,1,1
4,0,3,0.07738095,0.04761905,22.06666667,0.00568182,0.00378788,0.00367647,0.7164751,0.05747126,0.14297143,0.43131429,0,1,1
2,1,4,0.14545455,0.04848485,14,0.00632911,0.00401606,0.003861,0.76744186,0.03100775,0.00497475,0.62864268,0,1,1
3,4,1,0.08496732,0.13071895,23.14285714,0.00684932,0.00404858,0.00383142,0.79069767,0.02325581,0.26707483,0.51564626,0,1,1
5,2,1,0.14450867,0.04046243,13.04,0.00649351,0.00393701,0.00381679,0.70342205,0.01140684,0.38031877,0.56444805,0,1,1
4,4,4,0.06944444,0.10763889,41.38461538,0.00436681,0.0025641,0.00239808,0.66825776,0.03818616,0.18201299,0.30159091,0,1,1
4,2,1,0.13793103,0.0862069,13.13333333,0.00980392,0.00694444,0.00671141,0.66,0.04,0.17289474,0.47842105,0.00000015,1,0.75
3,0,2,0.12290503,0.04469274,18.25,0.00584795,0.00369004,0.00350877,0.70110701,0.0295203,0.10169913,0.46808442,0,-1,0.25
2,1,1,0.21978022,0.02197802,8.9,0.01098901,0.00735294,0.00694444,0.69333333,0.08,0.36136508,0.59365079,0,1,1
3,0,1,0.06962025,0.05696203,31.3,0.00636943,0.00404858,0.00387597,0.7265625,0.04296875,0.20637374,0.44347475,0,1,1
5,0,1,0.18085106,0.0106383,11.52941176,0.01075269,0.00724638,0.00675676,0.74342105,0.00657895,0.36492997,0.57361345,0,1,1
5,6,1,0.14084507,0.08450704,10.47619048,0.01149425,0.00787402,0.00704225,0.65789474,0.01973684,0.14980612,0.51177551,0,0,0.5
3,5,5,0.12837838,0.08108108,28.45454545,0.00653595,0.0041841,0.00395257,0.76131687,0.02880658,0.17729958,0.47409091,0,1,1
3,6,2,0.1056338,0.11267606,19.33333333,0.0075188,0.004329,0.00404858,0.8247012,0.03984064,0.46605263,0.58947368,0,1,1
4,1,1,0.17682927,0.01219512,10.4137931,0.00793651,0.00485437,0.00431034,0.70967742,0.0483871,0.12954365,0.60877976,0,1,1
3,0,1,0.24770642,0,7.03703704,0.01052632,0.0075188,0.00662252,0.7133758,0.02547771,0.34029304,0.55677656,0,1,1
2,0,1,0.11564626,0.04761905,16.41176471,0.00714286,0.00431034,0.00401606,0.83921569,0.05098039,0.16785714,0.55305861,0,1,1
2,4,4,0.12820513,0.08333333,19.17647059,0.00684932,0.00438596,0.00395257,0.72,0.008,0.05266234,0.64518398,0,1,1
4,0,1,0.20512821,0.02564103,8.375,0.01333333,0.00980392,0.00943396,0.67592593,0.01851852,0.09458874,0.4004329,0,1,0.75
2,1,1,0.11486486,0.04054054,21.86666667,0.0060241,0.00383142,0.00358423,0.73507463,0.0261194,0.19596154,0.51461538,0,1,1
4,5,4,0.06597222,0.09375,26.43478261,0.0045045,0.00248139,0.00228311,0.79529412,0.02823529,0.31452999,0.4983256,0,1,1
3,1,1,0.13939394,0.04848485,14.125,0.0060241,0.00364964,0.00334448,0.82084691,0.02605863,0.28483602,0.50301587,0,1,1
3,3,4,0.0960452,0.07909605,23.17647059,0.0052356,0.00318471,0.00308642,0.76751592,0.01910828,0.17360963,0.54735294,0,1,1
2,1,1,0.1503268,0.05228758,45.85714286,0.00628931,0.00416667,0.00398406,0.67381974,0.0472103,0.45055659,0.54479746,0,1,1
5,6,7,0.15642458,0.08379888,10.93548387,0.00666667,0.00420168,0.00396825,0.69672131,0.02868852,0.39122253,0.65936813,0,1,1
4,3,3,0.1091954,0.05747126,17.55,0.00641026,0.00380228,0.00359712,0.8041958,0.01748252,0.25552381,0.5292381,0,1,1
2,2,4,0.10055866,0.11173184,18.72222222,0.00641026,0.0041841,0.00387597,0.66666667,0.03571429,0.25651609,0.74504674,0,1,1
5,1,1,0.1637931,0.02586207,10,0.01098901,0.00714286,0.00675676,0.66447368,0.03947368,0.08482143,0.48154762,0,1,0.75
6,3,11,0.08366534,0.10358566,21.66666667,0.00456621,0.0027027,0.0025974,0.73480663,0.01381215,0.21154286,0.50491746,0,1,0.75
3,1,1,0.08148148,0.08148148,24.58333333,0.00735294,0.00431034,0.00404858,0.74698795,0.02811245,0.22197479,0.45876751,0,-1,0.25
5,1,1,0.125,0.025,16.61111111,0.00746269,0.00429185,0.00403226,0.77911647,0.04016064,0.27344362,0.48879906,0,1,0.75
4,0,1,0.20394737,0.01973684,10.82758621,0.00724638,0.00436681,0.00395257,0.77992278,0.02316602,0.24199134,0.61915584,0,1,1
6,1,5,0.15492958,0.04929577,12.28,0.00704225,0.0041841,0.00390625,0.7953668,0.01930502,0.22323214,0.38557143,0,1,1
4,1,1,0.10759494,0.09493671,19.6875,0.00636943,0.00396825,0.00377358,0.81578947,0.02255639,0.35826979,0.51896383,0,1,1
3,2,1,0.11904762,0.08333333,25.15384615,0.00609756,0.00411523,0.00389105,0.70445344,0.03643725,0.14593975,0.45606141,0,1,1
2,2,1,0.14556962,0.10759494,45.85714286,0.00617284,0.0041841,0.00398406,0.734375,0.015625,0.26931818,0.49848485,0,1,1
3,2,1,0.10280374,0.08411215,16.72727273,0.00854701,0.00649351,0.00649351,0.74193548,0.05806452,0.18094601,0.54364018,0,1,1
4,0,1,0.1509434,0.03773585,12.75,0.00757576,0.00442478,0.00398406,0.78461538,0.01923077,0.31666213,0.65338322,0,1,1
3,3,1,0.07246377,0.09178744,24.4,0.00617284,0.0035461,0.00331126,0.75657895,0.01973684,0.12646936,0.53386613,0,1,1
5,2,3,0.18243243,0.10135135,14.57142857,0.00694444,0.0045045,0.00434783,0.72103004,0.03862661,0.25455026,0.48042328,0,1,1
8,1,5,0.1396648,0.05027933,11.42307692,0.00632911,0.0044843,0.004329,0.73478261,0.0173913,0.32240476,0.56398095,0,1,1
5,4,1,0.16959064,0.08187135,12.10714286,0.00645161,0.00406504,0.00369004,0.75925926,0.00740741,0.53107143,0.66321429,0,1,1
4,1,1,0.21008403,0.03361345,8.56521739,0.01369863,0.00862069,0.00757576,0.67123288,0.00684932,0.23559524,0.50595238,0,1,1
4,14,1,0.09302326,0.18217054,32.83333333,0.00680272,0.00434783,0.00403226,0.65019011,0.03422053,0.1805,0.5225,0,1,1
5,1,1,0.14285714,0.01785714,13.2173913,0.00671141,0.0042735,0.00403226,0.75396825,0.02380952,0.25159674,0.52317016,0,1,0.75
7,2,5,0.13978495,0.03942652,11.73684211,0.00487805,0.00326797,0.0031348,0.59615385,0.00641026,0.07347696,0.45104167,0,1,1
6,2,3,0.12844037,0.04587156,13.88461538,0.00632911,0.00403226,0.003663,0.64335664,0.01748252,0.28159091,0.52440559,0,1,1
5,1,1,0.06857143,0.04571429,26.30769231,0.00558659,0.00359712,0.00348432,0.778157,0.05119454,0.17981366,0.45610766,0,1,1
6,9,2,0.14285714,0.13756614,11.29032258,0.00662252,0.004,0.00367647,0.73188406,0.03623188,0.32868857,0.64343901,0,1,1
5,1,1,0.1443299,0.01030928,12.92592593,0.00595238,0.003861,0.00369004,0.7195572,0.04797048,0.36509881,0.58349802,0,1,1
3,0,2,0.09090909,0.06324111,20.16666667,0.00454545,0.00265957,0.00253165,0.77179487,0.03076923,0.16216364,0.46932987,0,1,1
3,1,1,0.12280702,0.05263158,15.46153846,0.00934579,0.00649351,0.00632911,0.72955975,0.01886792,0.13232955,0.56022727,0,1,1
4,0,1,0.096,0.056,14.21428571,0.00990099,0.00769231,0.00769231,0.54193548,0.04516129,0.04772727,0.10227273,0,1,1
4,2,1,0.1509434,0.06603774,12.93333333,0.01123596,0.00719424,0.00671141,0.66887417,0.02649007,0.1779798,0.53111111,0,1,1
5,0,1,0.1377551,0.03061224,14.84,0.00549451,0.003663,0.0034965,0.7122807,0.02807018,0.19929293,0.4840404,0,-1,0.25
4,3,1,0.08839779,0.04972376,21.5625,0.00636943,0.00378788,0.00355872,0.76785714,0.03571429,0.23699405,0.56888889,0,1,1
6,0,3,0.08530806,0.05687204,21.58823529,0.00578035,0.00390625,0.00378788,0.66539924,0.03422053,0.26550275,0.49828283,0.00000001,-1,0.25
5,0,1,0.08333333,0.12254902,19.47058824,0.00558659,0.00404858,0.00396825,0.71314741,0.0438247,0.12307692,0.50737179,0,1,1
3,4,2,0.09375,0.08125,20.8,0.00632911,0.00409836,0.00398406,0.71485944,0.02409639,0.19181818,0.5180303,0,1,1
3,0,1,0.10795455,0.10227273,19.22222222,0.00568182,0.00377358,0.00363636,0.73928571,0.03571429,0.22971014,0.44565217,0,1,1
3,1,1,0.09714286,0.05714286,21.23529412,0.00591716,0.00347222,0.00325733,0.76357827,0.03833866,0.07975349,0.44591631,0,1,0.75
3,4,4,0.19047619,0.05357143,11.75862069,0.0075188,0.00413223,0.0037594,0.70479705,0.01476015,0.2264838,0.465,0,1,0.75
4,0,1,0.13392857,0.04464286,15.64285714,0.00877193,0.00636943,0.00613497,0.64102564,0.00641026,0.13238636,0.28636364,0,-1,0.25
4,0,1,0.11111111,0.05,17.57894737,0.00632911,0.00398406,0.00373134,0.74169742,0.01845018,0.21598665,0.60498016,0,1,1
1,0,1,1,0,2,1,0,0,0,0,0,0,0.06062517,-1,0
4,4,1,0.10240964,0.09036145,18.35294118,0.00746269,0.00440529,0.00396825,0.76356589,0.02713178,0.2865873,0.71611111,0,1,1
3,0,4,0.08415842,0.05940594,19.73684211,0.00526316,0.00337838,0.00326797,0.73666667,0.03333333,0.05845238,0.48230159,0,1,0.75
4,0,1,0.18,0.03,11.75,0.01086957,0.00740741,0.00680272,0.80794702,0.00662252,0.34927083,0.59604167,0,1,1
4,4,1,0.1242236,0.06832298,14.61904762,0.00632911,0.0041841,0.00401606,0.70472441,0.02362205,0.18181818,0.50290043,0,-1,0.25
3,1,6,0.1626506,0.04819277,14.625,0.0060241,0.0037037,0.00357143,0.75185185,0.02962963,0.20784314,0.56960784,0,-1,0.25
4,0,1,0.12272727,0.06363636,18.94736842,0.00649351,0.00403226,0.00384615,0.62692308,0.02307692,0.12,0.33166667,0,1,0.75
7,0,1,0.1300813,0.04065041,12.75,0.00990099,0.0070922,0.00662252,0.61538462,0.05128205,0.15350877,0.29308367,0,1,0.75
4,3,1,0.13513514,0.08108108,12.84,0.00617284,0.00403226,0.003861,0.69803922,0.03921569,0.26925926,0.51888889,0,0,0.5
5,12,2,0.09756098,0.13170732,20.64705882,0.00657895,0.0042735,0.00403226,0.72111554,0.02788845,0.31876984,0.55087302,0,1,0.75
7,9,1,0.11848341,0.15165877,13.12,0.00628931,0.00408163,0.00389105,0.65116279,0.0503876,0.22259317,0.48245342,0,1,1
3,7,3,0.09659091,0.08522727,18.33333333,0.00625,0.00403226,0.00378788,0.79182156,0.02973978,0.36570381,0.65252199,0,1,1
4,2,3,0.09,0.04,18.5,0.00540541,0.00350877,0.00332226,0.72164948,0.03436426,0.16371212,0.38265152,0,1,1
4,0,3,0.13333333,0.03703704,10.75,0.01111111,0.00719424,0.00671141,0.66442953,0.00671141,0.08502066,0.47219008,0,1,0.75
4,1,1,0.08064516,0.07526882,27.58333333,0.00595238,0.00401606,0.00384615,0.71595331,0.04280156,0.33583333,0.60166667,0,1,0.75
4,1,1,0.10588235,0.01764706,18.38888889,0.00632911,0.004,0.00387597,0.708,0.016,0.3262415,0.59909864,0,1,0.75
3,1,2,0.1038961,0.09090909,15.08,0.00520833,0.00344828,0.00333333,0.70805369,0.03691275,0.23111111,0.40666667,0,1,0.75
5,0,1,0.17435897,0.01538462,9.8,0.00564972,0.0037594,0.00369004,0.70676692,0.01879699,0.26247024,0.4577381,0,-1,0
3,5,1,0.0955414,0.08917197,31.8,0.00657895,0.0041841,0.00389105,0.75097276,0.0311284,0.40277778,0.60763889,0,1,0.75
6,2,3,0.144,0.088,13.1875,0.00877193,0.00662252,0.00649351,0.60666667,0.03333333,-0.03401961,0.48764706,0,-1,0.25
4,0,1,0.29824561,0.02631579,5.91176471,0.01052632,0.00724638,0.00684932,0.59333333,0.05333333,0.22081385,0.64571429,0,1,1
4,4,1,0.17410714,0.04910714,8.95,0.00680272,0.00434783,0.00406504,0.59920635,0.01984127,0.21709957,0.41926407,0,1,1
5,0,1,0.06521739,0.06521739,18,0.02272727,0.02083333,0.0212766,0.53061224,0.04081633,0.24034091,0.35,0.00016084,1,1
3,0,3,0.15976331,0.0591716,12.61538462,0.00613497,0.00396825,0.00378788,0.74501992,0.02788845,0.28091707,0.63903509,0,1,1
4,2,1,0.11976048,0.03592814,14.9047619,0.00724638,0.00438596,0.004,0.7992278,0.03474903,0.42351928,0.56258035,0,1,1
5,3,5,0.13533835,0.06015038,13.4375,0.0106383,0.00689655,0.00645161,0.62666667,0.02666667,0.10191388,0.48552632,0,0,0.5
4,0,1,0.15384615,0.05128205,12,0.00970874,0.00675676,0.00649351,0.65822785,0.01898734,0.27758021,0.58409091,0,1,1
4,0,1,0.08571429,0.04,20.86666667,0.00552486,0.00383142,0.00377358,0.76492537,0.02238806,0.12682127,0.39014739,0,-1,0.25
4,1,1,0.075,0.05,39.125,0.00621118,0.004,0.00378788,0.74242424,0.03787879,0.30636364,0.55343434,0,1,1
3,1,1,0.11111111,0.05228758,17.82352941,0.00613497,0.00409836,0.00387597,0.76492537,0.02985075,0.05,0.49473684,0,-1,0.25
5,1,1,0.08219178,0.0890411,25.5,0.00662252,0.00423729,0.00395257,0.83397683,0.01930502,0.17313312,0.51371753,0,-1,0.25
6,0,4,0.11627907,0.05232558,14.86363636,0.00641026,0.004329,0.004,0.71428571,0.04761905,0.12379167,0.68519048,0,-1,0.25
4,2,1,0.07936508,0.07936508,21.375,0.00666667,0.00411523,0.00390625,0.74509804,0.02745098,0.10042597,0.56554286,0,-1,0.25
2,1,3,0.08695652,0.04347826,36.22222222,0.0060241,0.003861,0.00374532,0.73076923,0.05769231,0.03395062,0.60283951,0,-1,0.25
3,1,3,0.17197452,0.05095541,12.19230769,0.00769231,0.00480769,0.0041841,0.78884462,0.02390438,-0.16293651,0.64530612,0,-1,0.25
2,2,5,0.10344828,0.06206897,28.45454545,0.00645161,0.00404858,0.00380228,0.79069767,0.03100775,-0.04969136,0.48030864,0,-1,0
3,0,1,0.10344828,0.03448276,20.22222222,0.01,0.00649351,0.00636943,0.76923077,0.03846154,0.265625,0.58958333,0,-1,0.25
3,2,2,0.12865497,0.03508772,13.20833333,0.00724638,0.00438596,0.00404858,0.756,0.016,-0.03351799,0.67317708,0,-1,0.25
2,0,2,0.14457831,0,15.6,0.00431034,0.00243902,0.00222717,0.72535211,0.0258216,0.14237259,0.48863636,0,-1,0.25
2,0,1,0.06103286,0,32.23076923,0.00578035,0.00332226,0.00302115,0.72948328,0.03951368,0.01525455,0.43566667,0,-1,0.25
3,0,1,0.13178295,0.02325581,16.53846154,0.00943396,0.00684932,0.00657895,0.68918919,0.02702703,-0.21846154,0.69871795,0,-1,0.25
2,0,1,0.07843137,0.06862745,22.75,0.01052632,0.00735294,0.00694444,0.70967742,0.10967742,0.0838961,0.46632035,0,-1,0.25
2,0,1,0.10659898,0.05076142,17.27272727,0.00571429,0.00353357,0.00325733,0.74760383,0.06070288,-0.16757246,0.49855072,0,-1,0.25
2,0,1,0.14285714,0,6.5,0.11111111,0.125,0.14285714,0.55555556,0,0,0,0.00192325,-1,0
3,0,1,0.0797546,0.03680982,24.84615385,0.00578035,0.00384615,0.0037594,0.73745174,0.02316602,0.06135913,0.52450397,0,-1,0.25
4,0,1,0.15923567,0.05095541,15,0.00746269,0.0044843,0.00408163,0.73705179,0.01195219,0.10385281,0.61587719,0,-1,0.25
2,0,2,0.06586826,0.05988024,35,0.00657895,0.0037594,0.00344828,0.77852349,0.02348993,0.00879121,0.6521978,0,-1,0.25
2,4,2,0.08,0.09714286,23.14285714,0.00680272,0.00429185,0.00395257,0.77651515,0.07954545,0.04,0.44222222,0.99702568,-1,0.25
1,0,1,0.2,0,8.8,0.03846154,0.03225806,0.02857143,0.75675676,0,0.22857143,0.59047619,0.00000004,-1,0.25
3,1,1,0.1031746,0.02380952,15.35714286,0.01041667,0.00714286,0.00653595,0.73584906,0.01886792,0.0413823,0.61325043,0,0,0.5
3,0,1,0.1299435,0.12429379,14.39130435,0.00657895,0.00423729,0.00395257,0.71984436,0.01945525,0.0077408,0.53498377,0,-1,0.25
3,2,3,0.09677419,0.02580645,21.46666667,0.00666667,0.0037594,0.00341297,0.84848485,0.02020202,0.08310176,0.56265152,0,-1,0.25
4,0,4,0.11564626,0.04761905,21.78571429,0.00671141,0.00416667,0.00396825,0.77290837,0.03187251,-0.23264706,0.48068627,0,-1,0.25
3,1,1,0.10967742,0.06451613,18.82352941,0.00714286,0.00421941,0.00381679,0.88602941,0.00735294,0.3051007,0.56267175,0,-1,0.25
4,1,2,0.02251407,0.00750469,18.16666667,0.01052632,0.00653595,0.00625,0.7133758,0.01910828,-0.32307692,0.65192308,0,-1,0
5,0,1,0.07471264,0.02298851,29.69230769,0.00558659,0.00320513,0.00306748,0.73667712,0.01880878,0.0702381,0.38988095,0,-1,0.25
3,5,1,0.12765957,0.12056738,17.16666667,0.00943396,0.00492611,0.00423729,0.82936508,0.01587302,0.16875,0.7078125,0.96935864,-1,0.25
3,1,2,0.08783784,0.05405405,26.33333333,0.00609756,0.00387597,0.003663,0.80866426,0.05776173,-0.22203463,0.66709957,0,-1,0
1,0,1,0.10526316,0,17.21052632,0.0060241,0.00378788,0.00352113,0.74911661,0.05300353,-0.09266529,0.51081267,0,-1,0.25
3,0,1,0.18709677,0.01935484,10.06896552,0.00840336,0.00483092,0.00408163,0.7890625,0.02734375,-0.11329201,0.74252525,0,-1,0.25
4,2,1,0.13559322,0.04519774,15.36363636,0.00636943,0.00411523,0.00387597,0.68,0.02,0.1804902,0.57019608,0,-1,0.25
1,0,1,0.17857143,0,13.2,0.02380952,0.02083333,0.01886792,0.72413793,0.10344828,-0.14333333,0.56666667,0.00000013,-1,0.25
7,1,1,0.06285714,0.08571429,30.18181818,0.00645161,0.00411523,0.00389105,0.77906977,0.02713178,-0.04619108,0.61666667,0,-1,0.25
2,0,1,0.15686275,0.04901961,12,0.01041667,0.00699301,0.00666667,0.75163399,0.03921569,-0.10431818,0.58409091,0,-1,0.25
2,1,1,0.1409396,0.0738255,15.0952381,0.00787402,0.00440529,0.00381679,0.78676471,0.02941176,-0.06133333,0.52091667,0,-1,0.25
1,0,1,0,0,10,0.14285714,0.16666667,0.2,0.57142857,0,0,0,0.00787861,-1,0.25
3,4,3,0.09248555,0.07514451,24,0.00699301,0.00429185,0.00374532,0.71217712,0.03690037,0.32918332,0.54362388,0,-1,0.25
4,0,1,0.07239819,0.07692308,25.75,0.00531915,0.00330033,0.00316456,0.69375,0.065625,0.10716777,0.47829657,0,-1,0.25
3,0,2,0.11347518,0.02836879,19.3125,0.00719424,0.00431034,0.00395257,0.81422925,0.01185771,-0.0112963,0.61675926,0,-1,0.25
3,1,1,0.06467662,0.04477612,22.93333333,0.00724638,0.00440529,0.00392157,0.72900763,0.03435115,0.08221792,0.50147527,0,-1,0.25
4,5,4,0.11052632,0.09473684,16.52380952,0.00609756,0.00408163,0.00384615,0.68359375,0.015625,0.09501812,0.52050725,0,-1,0.25
4,0,1,0.06395349,0.06395349,22.14285714,0.0075188,0.00478469,0.00431034,0.77380952,0.04365079,-0.21362356,0.55962243,0,-1,0.25
2,3,1,0.11111111,0.03472222,19.6,0.00671141,0.00421941,0.00396825,0.75097276,0.06614786,0.09031656,0.59813853,0,-1,0.25
3,0,1,0.08461538,0.02307692,29.1,0.00704225,0.00431034,0.004,0.83203125,0.01171875,-0.0120757,0.51361416,0,-1,0.25
3,2,1,0.08227848,0.09493671,26.30769231,0.00564972,0.0037594,0.00362319,0.7472119,0.01858736,0.10125,0.48546296,0,-1,0.25
4,0,1,0.17391304,0.04830918,11.71875,0.00680272,0.0041841,0.003663,0.66795367,0.02702703,0.00583333,0.57457207,0,-1,0.25
5,1,1,0.09871245,0.03433476,16.72,0.00621118,0.00371747,0.00343643,0.65371025,0.02120141,0.09028788,0.54346753,0,-1,0.25
3,0,1,0.09558824,0.01470588,34.55555556,0.00636943,0.00389105,0.00371747,0.77165354,0.01968504,0.02368421,0.34912281,0,-1,0
3,1,1,0.09467456,0.06508876,19.70588235,0.00632911,0.00392157,0.00364964,0.82698962,0.02422145,0.0125,0.47777778,0,-1,0.25
2,0,3,0.10344828,0.02298851,17.88888889,0.01041667,0.00746269,0.00714286,0.75,0.04861111,0.33333333,0.57777778,0.00160952,1,1
2,0,3,0.08849558,0.03539823,17.5,0.00869565,0.00546448,0.00531915,0.74210526,0.04210526,0.24598485,0.41925505,0.51230756,1,0.75
2,0,4,0.08333333,0.07575758,18.42857143,0.00757576,0.00487805,0.0045045,0.79017857,0.03125,0.26284958,0.45971277,0.96966873,1,0.75
2,1,3,0.0776699,0.10679612,20,0.00961538,0.00729927,0.00694444,0.81045752,0.02614379,0.23141711,0.49050802,0.00144664,1,0.75
2,1,4,0.09090909,0.09090909,18.71428571,0.0070922,0.00471698,0.00458716,0.70642202,0.0412844,0.25202922,0.52029221,0,1,1
2,0,5,0.08064516,0.09677419,19.83333333,0.00806452,0.00531915,0.00505051,0.74384236,0.04433498,0.4375,0.63416667,0.98632829,1,1
2,0,7,0.09322034,0.03389831,18.08333333,0.00813008,0.00581395,0.00564972,0.70165746,0.02209945,0.33545455,0.54943182,0,1,1
2,0,6,0.0990991,0.03603604,17.91666667,0.00819672,0.00564972,0.00534759,0.73404255,0.0212766,0.38382353,0.61323529,0.00000012,1,1
2,2,4,0.08333333,0.09166667,19.16666667,0.0075188,0.00531915,0.00507614,0.71938776,0.03571429,0.37523449,0.49132395,0.00011069,1,1
2,0,4,0.0877193,0.03508772,15.61538462,0.00862069,0.00591716,0.00571429,0.70621469,0.04519774,0.27697368,0.60964912,0.00001279,1,1
2,1,4,0.09848485,0.06060606,19.23076923,0.00763359,0.00502513,0.0047619,0.70754717,0.05188679,0.33837048,0.53265726,0.29493247,1,1
2,1,5,0.08391608,0.06993007,16.93333333,0.00699301,0.00485437,0.00465116,0.71028037,0.06542056,0.28208333,0.59458333,0.0000646,1,1
3,1,4,0.08450704,0.08450704,18.28571429,0.00763359,0.00512821,0.00471698,0.64220183,0.05504587,0.36370968,0.59784946,0,1,1
2,3,4,0.08461538,0.10769231,17.38461538,0.00763359,0.00534759,0.0052356,0.73298429,0.04188482,0.31236833,0.58788781,0,1,1
2,1,5,0.08666667,0.07333333,17.73333333,0.00675676,0.00460829,0.00446429,0.71806167,0.04845815,0.26950056,0.56377666,0.00000491,1,1
2,2,5,0.08571429,0.07857143,20.53846154,0.00684932,0.00458716,0.00440529,0.76211454,0.04405286,0.35387893,0.51226208,0,1,0.75
2,0,8,0.1,0.06428571,15.05882353,0.00746269,0.005,0.00478469,0.71495327,0.04205607,0.31518595,0.57221074,0.00000016,1,1
2,0,5,0.10067114,0.04026846,15.05555556,0.00699301,0.00458716,0.004329,0.72532189,0.03004292,0.39759358,0.57433155,0,1,1
2,1,4,0.08196721,0.09836066,18.75,0.00847458,0.00578035,0.00543478,0.72486772,0.03703704,0.32571023,0.5671875,0.00943324,1,1
2,0,4,0.1010101,0.02020202,19.5,0.00877193,0.00598802,0.00588235,0.72189349,0.0295858,0.28151914,0.53488836,0,1,1
2,3,3,0.07920792,0.05940594,19.2,0.00943396,0.00666667,0.00617284,0.73780488,0.04878049,0.3390625,0.603125,0.96803938,1,1
2,1,4,0.10526316,0.04385965,14.4,0.00877193,0.00571429,0.00534759,0.66842105,0.06842105,0.27934783,0.48405797,0.99998011,1,1
2,3,3,0.08888889,0.05555556,16.6,0.01075269,0.00757576,0.00719424,0.67132867,0.05594406,0.35885417,0.59375,0.17415696,1,1
2,4,3,0.08823529,0.08823529,16.54545455,0.00943396,0.00666667,0.00645161,0.67741935,0.04516129,0.36303828,0.61363636,0.32211906,1,1
2,4,3,0.08510638,0.06382979,18.2,0.00990099,0.00689655,0.00645161,0.70253165,0.03797468,0.31174242,0.42247475,1,1,1
2,4,3,0.08510638,0.06382979,18.2,0.00990099,0.00689655,0.00645161,0.70253165,0.03797468,0.31174242,0.42247475,1,1,1
2,4,3,0.08791209,0.06593407,17.2,0.01,0.00719424,0.00675676,0.72297297,0.03378378,0.36166667,0.47333333,0,1,1
2,3,3,0.08988764,0.05617978,16.8,0.01075269,0.00740741,0.00694444,0.73793103,0.04827586,0.40192308,0.53076923,0.99629557,1,1
2,3,3,0.08695652,0.05434783,16.7,0.01086957,0.00746269,0.00719424,0.71527778,0.04861111,0.40192308,0.53076923,0.01240968,1,1
2,4,3,0.08421053,0.06315789,18.3,0.00980392,0.00684932,0.00649351,0.70440252,0.03773585,0.31174242,0.42247475,1,1,1
2,4,3,0.08510638,0.06382979,16.7,0.01,0.00724638,0.00714286,0.63636364,0.06293706,0.31831551,0.45909091,0.43599497,1,1
2,4,3,0.08333333,0.0625,18.3,0.00952381,0.00666667,0.00636943,0.70440252,0.03144654,0.2742823,0.37392344,1,1,1
2,3,3,0.08333333,0.05208333,18.1,0.01041667,0.00684932,0.00649351,0.7278481,0.06329114,0.3875,0.51428571,0.00167571,1,1
2,3,3,0.08695652,0.05434783,17,0.01098901,0.00746269,0.00704225,0.68027211,0.04761905,0.37291667,0.57916667,0.00020868,1,1
2,3,3,0.08510638,0.05319149,17.4,0.0106383,0.00729927,0.00689655,0.68874172,0.04635762,0.37291667,0.57916667,0.00077753,1,1
2,4,3,0.08421053,0.06315789,18.3,0.01,0.00680272,0.00641026,0.71069182,0.03773585,0.27794118,0.43529412,1,1,1
2,3,3,0.07843137,0.04901961,18.9,0.0106383,0.00704225,0.00653595,0.74096386,0.05421687,0.33388889,0.47,0.01768843,1,1
2,3,3,0.08080808,0.05050505,18,0.01020408,0.00684932,0.00653595,0.68152866,0.04458599,0.28035714,0.56071429,0.99998633,1,1
2,4,3,0.08333333,0.0625,18.7,0.00980392,0.00657895,0.00625,0.71779141,0.03067485,0.27007576,0.43636364,1,1,1
2,3,3,0.08247423,0.05154639,18,0.01075269,0.00714286,0.00666667,0.67515924,0.06369427,0.33611111,0.50333333,0.00677113,1,1
2,3,3,0.08080808,0.05050505,18.4,0.01030928,0.00689655,0.00649351,0.71518987,0.05063291,0.39807692,0.48846154,0.99999999,1,1
2,4,3,0.08333333,0.0625,17.9,0.00970874,0.00684932,0.00653595,0.65806452,0.0516129,0.33508523,0.40340909,0.0001803,1,1
2,3,3,0.08421053,0.05263158,17.7,0.0106383,0.00714286,0.00675676,0.72077922,0.04545455,0.32678571,0.47857143,0.02958876,1,1
2,3,3,0.08602151,0.05376344,17,0.0106383,0.00724638,0.00694444,0.68707483,0.08163265,0.39423077,0.51538462,0.99999979,1,1
2,3,3,0.08,0.05,18.1,0.01041667,0.00704225,0.00662252,0.68987342,0.06329114,0.30131579,0.36052632,0.01092099,1,1
2,3,3,0.08163265,0.05102041,17.9,0.01030928,0.00704225,0.00662252,0.69230769,0.05128205,0.37388889,0.56,0.97929716,1,1
2,3,3,0.08247423,0.05154639,17.7,0.01052632,0.00694444,0.00662252,0.67532468,0.07792208,0.33388889,0.52666667,0.04598605,1,1
2,3,3,0.07920792,0.04950495,18.3,0.01075269,0.00719424,0.00666667,0.7,0.05625,0.28041667,0.3775,0.00029566,1,1
2,3,3,0.08163265,0.05102041,17.5,0.01075269,0.00719424,0.00680272,0.65131579,0.04605263,0.39635417,0.54479167,1,1,1
2,3,3,0.08411215,0.05607477,18.18181818,0.00877193,0.00581395,0.00571429,0.70285714,0.02857143,0.32996032,0.4515873,0.00002471,1,1
3,0,3,0.06504065,0.05691057,27.375,0.00847458,0.00574713,0.00531915,0.65789474,0.03157895,0.3122549,0.45882353,0,1,1
3,0,3,0.07438017,0.11570248,20.8,0.00869565,0.00609756,0.00598802,0.57225434,0.02312139,0.15974026,0.42736549,0,1,0.75
3,2,3,0.04477612,0.09701493,27.375,0.00917431,0.00591716,0.00561798,0.58563536,0.03314917,0.30641026,0.46282051,0.00000012,1,0.75
4,2,3,0.06422018,0.05504587,22.88888889,0.00925926,0.00591716,0.00549451,0.67759563,0.03278689,0.16666667,0.34351852,0,1,1
3,1,3,0.07563025,0.06722689,19.81818182,0.00840336,0.00561798,0.00546448,0.69518717,0.04812834,0.20381944,0.37852183,0,1,1
2,1,3,0.08045977,0.05747126,19.66666667,0.01075269,0.00699301,0.00657895,0.65806452,0.01290323,0.16759259,0.33161376,0,1,1
2,0,4,0.07017544,0.04385965,23.3,0.00980392,0.00595238,0.00526316,0.73039216,0.04411765,0.29166667,0.44821429,0,1,1
2,2,4,0.10576923,0.08653846,25.25,0.01052632,0.0070922,0.00645161,0.62576687,0.05521472,0.17279412,0.50637255,0,1,1
3,0,3,0.07894737,0.07017544,19.72727273,0.00909091,0.00595238,0.00540541,0.62694301,0.01554404,0.259,0.53290476,0,1,1
2,1,4,0.08064516,0.10483871,18,0.00877193,0.00591716,0.00561798,0.61452514,0.04469274,0.33686975,0.59285714,0,1,0.75
2,0,3,0.08411215,0.07476636,24,0.01010101,0.00613497,0.00549451,0.7253886,0.01036269,0.19917582,0.39615385,0,1,1
4,0,3,0.05785124,0.08264463,26.11111111,0.00900901,0.00578035,0.0052356,0.65656566,0.02525253,0.23557692,0.69358974,0,1,1
2,0,4,0.07017544,0.07017544,21.1,0.00862069,0.00578035,0.00555556,0.63186813,0.03296703,0.09627976,0.36130952,0,1,1
7,0,3,0.0661157,0.09090909,18.81818182,0.00884956,0.00617284,0.00595238,0.58823529,0.03529412,0.28461538,0.45769231,0.00002986,1,0.75
2,0,4,0.07407407,0.0462963,20.54545455,0.00970874,0.00621118,0.00571429,0.72395833,0.04166667,0.33974359,0.54688645,0,1,1
3,0,3,0.08490566,0.06603774,23.22222222,0.01010101,0.00628931,0.00571429,0.6827957,0.01075269,0.39761905,0.75595238,0,1,1
2,0,3,0.08256881,0.0733945,20.7,0.00943396,0.00632911,0.00578035,0.65555556,0.03333333,0.23472222,0.5265873,0.00000001,1,1
2,0,3,0.06730769,0.09615385,24,0.00934579,0.00649351,0.00625,0.61212121,0.03030303,0.27095238,0.36857143,0,1,0.75
2,0,3,0.07619048,0.05714286,24,0.00925926,0.00613497,0.00591716,0.61764706,0.02941176,0.18214286,0.35183983,0,1,1
3,0,3,0.0794702,0.0794702,22.53846154,0.00649351,0.0042735,0.004,0.65758755,0.01945525,0.29355742,0.41610644,0,1,1
2,1,4,0.07079646,0.05309735,22.18181818,0.00925926,0.00571429,0.00520833,0.69907407,0.02314815,0.40451178,0.7076431,0,1,1
2,0,3,0.07826087,0.05217391,27.33333333,0.00917431,0.00543478,0.00485437,0.71232877,0.01826484,0.32337662,0.59888167,0,1,1
2,0,3,0.06896552,0.06034483,28,0.00961538,0.00537634,0.00487805,0.73542601,0.02690583,0.21346801,0.62491582,0,1,1
2,1,3,0.06862745,0.05882353,32.14285714,0.01075269,0.00625,0.00552486,0.7020202,0.01515152,0.27983683,0.54801865,0,1,1
2,0,3,0.06976744,0.05426357,22.90909091,0.00826446,0.00510204,0.00473934,0.67727273,0.05,0.33070707,0.61414141,0,1,1
2,0,3,0.07446809,0.04255319,30.57142857,0.01052632,0.00621118,0.00549451,0.76165803,0.02072539,0.30344353,0.55674931,0,1,1
2,0,3,0.07954545,0.04545455,27.14285714,0.01052632,0.00641026,0.00598802,0.69461078,0.01197605,0.40625,0.57708333,0,1,1
2,1,3,0.07865169,0.06741573,24.71428571,0.01098901,0.00699301,0.00671141,0.66,0.02666667,0.18181818,0.45151515,0,1,1
2,0,3,0.07070707,0.04040404,26.5,0.0106383,0.00641026,0.00574713,0.73796791,0.01604278,0.39444444,0.54166667,0,1,1
2,1,3,0.07476636,0.04672897,25.66666667,0.00980392,0.00591716,0.00520833,0.72058824,0.01470588,0.35117845,0.4976431,0,1,1
2,1,3,0.06896552,0.05747126,25.14285714,0.01123596,0.00735294,0.00671141,0.72368421,0.01315789,0.18708791,0.50576923,0,1,1
2,0,3,0.08108108,0.03603604,24,0.01041667,0.00625,0.00549451,0.75348837,0.00465116,0.36969697,0.60505051,0,1,1
2,1,3,0.09482759,0.04310345,16.46666667,0.00961538,0.00588235,0.00520833,0.71232877,0.00913242,0.33465909,0.49318182,0,1,1
4,0,3,0.06034483,0.03448276,23.3,0.01010101,0.00621118,0.00534759,0.6952381,0.02380952,0.12337662,0.29253247,0,1,1
2,1,3,0.07272727,0.04545455,23.6,0.00980392,0.00598802,0.00515464,0.73459716,0.02843602,0.2456229,0.42727273,0,1,1
2,1,3,0.0733945,0.04587156,21.18181818,0.00990099,0.0060241,0.00529101,0.74038462,0.00961538,0.27532468,0.43506494,0,1,1
4,1,3,0.06722689,0.04201681,23.9,0.00980392,0.0060241,0.00529101,0.70093458,0.02803738,0.19272727,0.35454545,0,1,1
2,1,3,0.06779661,0.04237288,26.88888889,0.00980392,0.00613497,0.00534759,0.69863014,0.02283105,0.27532468,0.46363636,0,1,1
2,1,3,0.07476636,0.04672897,30.125,0.01030928,0.00625,0.00546448,0.74311927,0.00917431,0.34805195,0.58157468,0,1,1
2,1,3,0.07476636,0.05607477,26.75,0.01020408,0.00628931,0.00568182,0.7037037,0.02116402,0.10331633,0.59566327,0,1,1
2,1,3,0.08333333,0.05208333,23.375,0.01149425,0.00746269,0.00671141,0.62345679,0.05555556,0.1964876,0.33298898,0,1,1
2,1,3,0.0754717,0.04716981,21.8,0.00961538,0.00591716,0.00534759,0.73958333,0.01041667,0.17314744,0.39690604,0,1,1
2,0,3,0.07619048,0.03809524,23.22222222,0.0106383,0.00675676,0.0060241,0.68108108,0.04324324,0.26222222,0.51740741,0,1,1
2,2,3,0.07207207,0.05405405,25.11111111,0.00980392,0.00609756,0.00540541,0.71,0.045,0.375,0.5297619,0,1,1
2,2,3,0.064,0.056,32.875,0.00980392,0.00598802,0.00537634,0.73333333,0.01777778,0.2163961,0.35470779,0,1,1
2,0,3,0.07207207,0.04504505,26.375,0.00961538,0.0060241,0.00558659,0.67741935,0.00537634,0.20748663,0.50421441,0,1,1
2,1,3,0.07407407,0.0462963,26.5,0.01,0.00641026,0.00584795,0.71657754,0.01069519,0.25408163,0.58035714,0,1,1
2,1,3,0.07407407,0.0462963,26.375,0.00970874,0.00613497,0.00558659,0.72192513,0.01604278,0.41555944,0.61311189,0,1,1
2,0,3,0.07692308,0.05769231,25.875,0.01052632,0.00666667,0.00609756,0.64804469,0.03910615,0.27857143,0.4452381,0,1,1
2,1,3,0.08163265,0.06122449,24.375,0.01,0.00636943,0.00598802,0.69230769,0.0295858,0.24285714,0.4981685,0,1,1
4,1,3,0.06299213,0.07874016,29,0.00735294,0.005,0.00487805,0.68292683,0.04390244,-0.08279221,0.6270202,0,1,1
3,1,3,0.08333333,0.07638889,24.36363636,0.00769231,0.0046729,0.00438596,0.6512605,0.04621849,-0.14611111,0.56222222,0,1,1
2,0,5,0.07086614,0.07874016,23,0.00869565,0.00564972,0.0052356,0.73529412,0.06372549,-0.10416667,0.51527778,0,-1,0
3,0,3,0.06870229,0.03816794,26.88888889,0.00833333,0.00510204,0.00471698,0.68949772,0.02283105,0.00514706,0.47990196,0,1,1
2,0,3,0.09174312,0.0733945,16.75,0.00917431,0.00636943,0.00621118,0.66060606,0.04848485,0.01130435,0.49534161,0,-1,0
3,0,3,0.07258065,0.04032258,23.7,0.00813008,0.005,0.00478469,0.71830986,0.06103286,-0.01721591,0.49818182,0,1,0.75
2,0,3,0.08,0.04,25.44444444,0.00826446,0.00534759,0.00507614,0.66985646,0.06220096,-0.10285714,0.4975,0,1,1
2,0,3,0.06993007,0.06293706,23.63636364,0.00714286,0.00462963,0.00444444,0.74778761,0.04867257,-0.02287549,0.56106719,0,1,1
2,0,3,0.07627119,0.06779661,21.09090909,0.008,0.00507614,0.00485437,0.76555024,0.03827751,-0.20833333,0.64888889,0,1,1
2,0,3,0.08148148,0.08148148,18.53846154,0.00819672,0.00518135,0.005,0.70048309,0.02898551,-0.03833333,0.57333333,0,-1,0
2,0,3,0.07438017,0.05785124,21.2,0.00854701,0.00568182,0.00543478,0.75789474,0.02631579,-0.12416667,0.54813853,0,1,1
2,0,3,0.06557377,0.04918033,26,0.008,0.00515464,0.00483092,0.80841121,0.03271028,-0.00176768,0.53173737,0,1,1
2,0,3,0.07692308,0.04273504,21.9,0.0078125,0.00518135,0.00507614,0.77664975,0.02030457,0.048125,0.60285714,0,-1,0
2,0,3,0.07874016,0.06299213,18,0.00833333,0.00561798,0.00540541,0.74210526,0.01578947,-0.23822222,0.65211111,0,-1,0
2,0,3,0.0729927,0.0729927,28,0.00787402,0.00490196,0.00458716,0.73991031,0.04932735,-0.02708333,0.63636364,0,-1,0.25
2,0,3,0.0703125,0.046875,20.72727273,0.00862069,0.00518135,0.00490196,0.80382775,0.01913876,-0.17247896,0.63715699,0,1,1
2,0,3,0.08527132,0.0620155,23.7,0.0078125,0.00505051,0.00485437,0.73205742,0.05263158,-0.1625,0.57685185,0,1,1
2,1,3,0.07246377,0.05797101,22.72727273,0.00769231,0.00473934,0.00456621,0.77678571,0.02232143,-0.11677489,0.53847403,0,1,1
2,0,3,0.07894737,0.05263158,20.7,0.00854701,0.00549451,0.00537634,0.77659574,0.0212766,-0.06325758,0.43590067,0,-1,0
2,0,3,0.06818182,0.0530303,29.875,0.00775194,0.00480769,0.0046729,0.73853211,0.06422018,-0.33201754,0.57236842,0,-1,0
2,0,3,0.09259259,0.0462963,19.08333333,0.00826446,0.00518135,0.005,0.78606965,0.02985075,-0.10787037,0.51898148,0,1,1
2,2,4,0.08805031,0.06289308,22.61538462,0.00684932,0.00408163,0.00390625,0.67049808,0.05747126,0.13032049,0.42523041,0,-1,0
2,2,4,0.08108108,0.07432432,19.21428571,0.00694444,0.00440529,0.00423729,0.74369748,0.06722689,-0.02128205,0.62160256,0,1,0.75
2,0,4,0.08333333,0.03846154,20.4,0.00632911,0.00389105,0.0037037,0.75091575,0.04761905,-0.05285088,0.61315789,0,1,1
2,0,4,0.08510638,0.04255319,20.14285714,0.00719424,0.0045045,0.0042735,0.77016129,0.03225806,-0.03092287,0.55227273,0,1,1
2,1,3,0.07878788,0.04848485,24,0.00632911,0.003861,0.003663,0.73144876,0.04240283,-0.00626389,0.59418056,0,-1,0
2,2,4,0.07142857,0.07792208,20,0.00625,0.00414938,0.00403226,0.76923077,0.03238866,-0.08623737,0.49273088,0,1,1
2,3,3,0.07352941,0.08088235,24.7,0.00763359,0.005,0.00480769,0.77464789,0.02347418,-0.09133333,0.645,0,1,1
2,0,3,0.07874016,0.07086614,23.2,0.00787402,0.00502513,0.00487805,0.66019417,0.08737864,0.0972332,0.53768116,0,-1,0
2,0,2,0.1010101,0.04040404,20.6,0.00806452,0.00571429,0.00543478,0.80748663,0.01069519,-0.07019231,0.69391026,0,1,1
2,0,4,0.06748466,0.06748466,23.46153846,0.00641026,0.003861,0.003663,0.73992674,0.08058608,0.00082235,0.52288647,0,1,0.75
2,1,5,0.09803922,0.09150327,17,0.00699301,0.00454545,0.0042735,0.71428571,0.03174603,-0.06416667,0.51916667,0,0,0.5
2,2,4,0.0867052,0.07514451,18.83333333,0.00645161,0.00383142,0.00362319,0.76254181,0.02675585,-0.03932927,0.49880081,0,1,0.75
2,2,4,0.07333333,0.05333333,22.07692308,0.00757576,0.00434783,0.00390625,0.6969697,0.06439394,0.02989332,0.45072279,0,-1,0
2,0,4,0.07831325,0.07228916,21,0.00666667,0.00421941,0.004,0.71814672,0.07722008,-0.06704934,0.45297009,0,0,0.5
2,1,3,0.0877193,0.06140351,19.72727273,0.00775194,0.00546448,0.00531915,0.7393617,0.05319149,-0.10545894,0.75256039,0,1,1
3,1,5,0.08791209,0.05494505,21.2,0.00617284,0.00380228,0.00355872,0.6443662,0.07746479,0.06051136,0.47057292,0,-1,0
2,2,4,0.07272727,0.05454545,24.16666667,0.00613497,0.00409836,0.00395257,0.73228346,0.02362205,-0.08240741,0.55151172,0,1,0.75
2,3,3,0.0794702,0.11258278,23.81818182,0.00746269,0.00471698,0.00444444,0.74347826,0.07826087,0.1841533,0.56051693,0,1,0.75
2,0,4,0.08496732,0.05228758,18.8,0.00699301,0.00454545,0.0041841,0.68627451,0.08235294,-0.13378788,0.62766667,0,-1,0
2,3,6,0.07386364,0.07954545,18.47058824,0.00606061,0.003861,0.0037037,0.73161765,0.04411765,-0.07405578,0.43223853,0,0,0.5
2,2,4,0.07051282,0.08333333,27.27272727,0.00645161,0.00398406,0.00383142,0.73282443,0.03053435,-0.11215188,0.56757756,0,1,0.75
2,1,4,0.09836066,0.03278689,16.06666667,0.00763359,0.00515464,0.0047619,0.75462963,0.01388889,-0.10393733,0.41530612,0,-1,0.25
2,2,3,0.07638889,0.0625,22.91666667,0.00763359,0.00454545,0.00420168,0.6547619,0.06746032,-0.03560606,0.55075758,0,-1,0
2,1,4,0.06521739,0.05072464,21.16666667,0.00719424,0.00469484,0.00444444,0.68,0.07555556,-0.10392622,0.42376812,0,-1,0
2,0,4,0.08982036,0.05389222,19.5625,0.00657895,0.0037594,0.00361011,0.76428571,0.025,-0.01869207,0.55314776,0,-1,0.25
3,3,4,0.06703911,0.08379888,23.13333333,0.00621118,0.00374532,0.00342466,0.72523962,0.06070288,0.0224537,0.52337963,0,-1,0
2,3,3,0.07142857,0.07857143,23,0.00757576,0.00478469,0.00454545,0.69196429,0.03125,0.10372222,0.4650873,0,0,0.5
2,0,4,0.08074534,0.04968944,20.5,0.00636943,0.00408163,0.00393701,0.71814672,0.05019305,-0.15805474,0.59834869,0,-1,0.25
2,2,3,0.0990991,0.06306306,17.5,0.00826446,0.00555556,0.00546448,0.76216216,0.02702703,-0.18604545,0.48354762,0,1,1
2,0,3,0.1031746,0.03968254,17,0.00787402,0.00510204,0.00483092,0.74285714,0.05238095,0.31,0.51291667,0.00384301,1,1
2,4,3,0.09756098,0.05691057,20.90909091,0.00840336,0.00518135,0.005,0.74876847,0.03448276,0.37826087,0.55326087,0.00000469,1,1
2,0,3,0.08730159,0.07142857,17.83333333,0.00813008,0.00564972,0.00534759,0.72192513,0.05882353,0.34333333,0.56888889,0.00001317,1,1
2,1,4,0.09677419,0.07741935,17.625,0.00699301,0.00440529,0.00414938,0.71900826,0.06198347,0.27455808,0.61161616,0.00317676,1,1
2,2,4,0.10857143,0.06857143,17.47368421,0.00675676,0.00389105,0.00359712,0.74822695,0.03191489,0.40438596,0.59561404,0.9999982,1,1
2,4,4,0.09933775,0.05960265,17.23529412,0.00662252,0.00429185,0.004,0.75,0.04365079,0.28542189,0.55192147,0,1,1
2,1,5,0.09489051,0.06569343,16.625,0.00657895,0.00444444,0.00436681,0.69736842,0.03070175,0.25717703,0.58708134,0.99999776,1,1
2,0,5,0.0969697,0.03636364,17.66666667,0.00574713,0.00369004,0.00357143,0.70967742,0.04301075,0.34384921,0.6015873,0,1,1
2,1,3,0.08333333,0.06666667,19.63636364,0.008,0.00558659,0.00534759,0.68062827,0.05759162,0.42493756,0.61883949,1,1,1
2,0,4,0.0877193,0.05263158,16.53846154,0.00806452,0.00555556,0.00537634,0.74331551,0.04278075,0.34520626,0.57037815,0.00649961,1,1
2,1,4,0.11016949,0.04237288,14.66666667,0.00740741,0.0052356,0.00515464,0.70984456,0.06217617,0.30498512,0.53040675,0,1,1
2,5,4,0.08695652,0.08695652,18.13333333,0.00704225,0.00460829,0.00434783,0.70815451,0.0472103,0.29611111,0.655,0,1,1
2,0,3,0.10909091,0.08181818,18.25,0.00847458,0.00564972,0.00546448,0.74731183,0.01075269,0.39534188,0.71260684,0,1,1
2,2,3,0.078125,0.0625,23.3,0.008,0.00526316,0.00502513,0.76811594,0.02898551,0.27532051,0.67852564,0,1,1
2,1,3,0.08270677,0.07518797,24,0.00714286,0.00462963,0.0044843,0.75324675,0.03896104,0.26102742,0.67627658,0,1,1
2,1,4,0.08088235,0.05882353,23.27272727,0.00729927,0.00497512,0.00460829,0.77631579,0.02192982,0.29323192,0.53628748,0,1,1
2,2,4,0.08965517,0.06896552,16.26666667,0.00840336,0.00549451,0.00510204,0.66009852,0.04433498,0.14679487,0.63067766,0,1,1
2,4,3,0.07936508,0.07936508,20,0.00775194,0.00534759,0.00507614,0.72463768,0.03864734,0.17429654,0.65162338,0,1,0.75
2,2,4,0.0859375,0.0390625,20.23076923,0.0078125,0.00473934,0.00440529,0.75431034,0.02586207,0.078367,0.60298822,0,1,1
3,2,4,0.07246377,0.07246377,24.3,0.008,0.00537634,0.005,0.66019417,0.05339806,0.14756258,0.51153195,0,1,0.75
2,0,4,0.11382114,0.06504065,13.11111111,0.00826446,0.00552486,0.0052356,0.73684211,0.03684211,0.36666667,0.6744709,0.00000029,1,1
2,1,5,0.0989011,0.05494505,16.6,0.00636943,0.00383142,0.00362319,0.71014493,0.05434783,0.35873016,0.61269841,0.02060066,1,1
2,0,5,0.09333333,0.07333333,17.25,0.00694444,0.00452489,0.00423729,0.74042553,0.03404255,0.2815873,0.57333333,0.00033591,1,1
3,0,5,0.09933775,0.07284768,17,0.0070922,0.00454545,0.0041841,0.71721311,0.05327869,0.30813333,0.492,0.99229598,1,1
2,2,7,0.0875,0.06875,18.52941176,0.00581395,0.00390625,0.00374532,0.7245283,0.02641509,0.30268817,0.63145161,0.0000112,1,1
2,1,5,0.08510638,0.06382979,19.07142857,0.00699301,0.00460829,0.00442478,0.7092511,0.06167401,0.35251709,0.60336466,0,1,1
2,2,4,0.08333333,0.0530303,23.36363636,0.00729927,0.00469484,0.0045045,0.77333333,0.04,0.22792208,0.55524892,0,1,1
2,2,5,0.09448819,0.03149606,15.86666667,0.00769231,0.00502513,0.00487805,0.74757282,0.01941748,0.26336364,0.61836364,0,1,1
2,4,4,0.0754717,0.08490566,19.8,0.00990099,0.00684932,0.00632911,0.73372781,0.07100592,0.21833333,0.53988095,0,1,1
2,0,4,0.0877193,0.04385965,19.54545455,0.00892857,0.00581395,0.00549451,0.73262032,0.03743316,0.26082483,0.74223356,0,1,1
2,0,4,0.1,0.03333333,17.7,0.01,0.00675676,0.00657895,0.69480519,0.03896104,0.33013736,0.62252747,0.99998603,1,1
2,1,5,0.10714286,0.03571429,16.07142857,0.00826446,0.00546448,0.00526316,0.72081218,0.04060914,0.33306723,0.59831933,0,1,1
2,0,4,0.09166667,0.04166667,16.57142857,0.008,0.00549451,0.00512821,0.77073171,0.02926829,0.35610766,0.54730849,0.93352551,1,1
2,3,4,0.07964602,0.09734513,19.09090909,0.00833333,0.00574713,0.00555556,0.70949721,0.05027933,0.33507937,0.61555556,0.26606533,1,1
2,1,5,0.08843537,0.06802721,19.85714286,0.00689655,0.00440529,0.0041841,0.73529412,0.05882353,0.2499179,0.44798851,0,1,1
2,1,6,0.09677419,0.03225806,16.05555556,0.00724638,0.00456621,0.00413223,0.68093385,0.07392996,0.23323003,0.48436639,0,1,1
3,3,5,0.08219178,0.03424658,18,0.00662252,0.00420168,0.00398406,0.67063492,0.05555556,0.33235294,0.5495098,0.9697309,1,1
2,2,4,0.0729927,0.05109489,25.09090909,0.00793651,0.00483092,0.00436681,0.76150628,0.041841,0.23883117,0.49440322,0,1,1
2,0,4,0.08730159,0.03968254,15.75,0.00769231,0.00510204,0.00473934,0.76681614,0.02690583,0.31444099,0.56506211,0.05048355,1,1
2,2,4,0.0620155,0.04651163,26,0.00884956,0.00531915,0.00478469,0.8173913,0.01304348,0.21730028,0.55850551,0,1,0.75
2,1,5,0.08823529,0.07352941,18.35714286,0.00729927,0.00473934,0.00456621,0.72477064,0.06422018,0.21721612,0.4400641,0,1,1
2,2,3,0.05555556,0.0462963,26.25,0.00970874,0.00628931,0.00571429,0.78378378,0.05405405,0.27713636,0.55814685,0,1,1
2,1,4,0.05769231,0.03846154,25.625,0.00980392,0.00625,0.00578035,0.79234973,0.01092896,0.28735646,0.61818182,0,-1,0.25
3,0,4,0.06956522,0.05217391,22.4,0.00877193,0.00581395,0.00549451,0.75773196,0.01030928,0.20224026,0.58127706,0,1,1
2,1,4,0.07407407,0.03703704,21.5,0.00917431,0.00574713,0.00540541,0.7393617,0.03191489,0.23065341,0.46988636,0,1,0.75
2,0,4,0.08737864,0.01941748,16.83333333,0.00934579,0.00591716,0.00555556,0.69273743,0.06145251,0.30228571,0.55185714,0.99624713,1,1
2,3,5,0.08695652,0.05217391,16.61538462,0.00884956,0.00561798,0.00531915,0.70899471,0.06349206,0.30639098,0.47919799,0.00000002,1,1
2,0,4,0.08403361,0.07563025,16.92307692,0.00813008,0.00534759,0.0052356,0.69473684,0.07894737,0.29724311,0.50087719,0,1,1
2,0,4,0.09174312,0.0733945,17.41666667,0.00884956,0.00578035,0.00555556,0.75418994,0.05586592,0.38529412,0.61862745,0.18695147,1,1
2,0,4,0.09821429,0.04464286,17.41666667,0.008,0.00546448,0.00537634,0.72972973,0.03783784,0.26166056,0.48412698,0.00000006,1,1
2,0,4,0.10714286,0.04464286,17.38461538,0.00877193,0.00571429,0.00526316,0.78974359,0.02051282,0.38032468,0.58268398,0,1,1
2,1,4,0.0942029,0.05072464,17.13333333,0.0075188,0.00469484,0.00440529,0.74235808,0.06113537,0.25964502,0.4983088,0,1,1
2,0,4,0.09482759,0.04310345,19.5,0.00862069,0.00549451,0.00497512,0.76470588,0.03431373,0.34897235,0.57302932,0,1,1
2,0,4,0.11504425,0.05309735,18,0.00833333,0.00531915,0.005,0.75862069,0.03940887,0.4321627,0.70912698,0,1,1
2,0,4,0.1047619,0.04761905,19,0.00943396,0.00606061,0.00568182,0.78888889,0.01666667,0.29033835,0.59890977,0,1,1
2,0,3,0.0952381,0.02857143,17.90909091,0.00961538,0.00625,0.00595238,0.74269006,0.04093567,0.35974702,0.6344494,0,1,1
2,1,4,0.0859375,0.0625,20.41666667,0.00806452,0.00531915,0.00497512,0.75598086,0.03827751,0.30459048,0.5208381,0,1,1
2,0,4,0.09375,0.07291667,19.7,0.01041667,0.00671141,0.00609756,0.76878613,0.02890173,0.27865945,0.536443,0,1,1
2,0,4,0.1010101,0.04040404,17.33333333,0.00990099,0.00662252,0.00584795,0.73480663,0.0441989,0.40705628,0.59510823,0,1,1
2,1,4,0.10204082,0.07142857,17.90909091,0.01075269,0.00694444,0.00625,0.72619048,0.03571429,0.45040765,0.58930375,0,1,1
2,0,4,0.09090909,0.05050505,17.90909091,0.00934579,0.00621118,0.00584795,0.75,0.02906977,0.33842041,0.52432802,0,1,1
2,1,3,0.08421053,0.08421053,22.77777778,0.00980392,0.00613497,0.00584795,0.79775281,0.02808989,0.34339346,0.62130832,0,1,1
2,1,4,0.07971014,0.06521739,22.41666667,0.00833333,0.00518135,0.00460829,0.74248927,0.03004292,0.34952381,0.65390476,0,1,1
2,0,4,0.09375,0.0546875,19.46153846,0.008,0.00512821,0.00480769,0.78403756,0.03286385,0.28901786,0.51733135,0,1,1
2,0,4,0.08661417,0.05511811,21,0.00813008,0.0052356,0.00487805,0.7535545,0.03791469,0.28509425,0.57993552,0,1,1
2,0,4,0.08870968,0.06451613,21.5,0.00819672,0.00507614,0.00465116,0.7264574,0.06726457,0.2828631,0.51315873,0,1,1
2,0,4,0.09230769,0.06153846,18.14285714,0.00787402,0.00497512,0.00465116,0.76255708,0.04109589,0.32145714,0.5336381,0,1,1
2,0,4,0.07874016,0.03937008,23.90909091,0.00900901,0.00520833,0.0046729,0.75545852,0.03930131,0.38139098,0.72575188,0,1,1
2,0,4,0.07936508,0.04761905,22.63636364,0.00793651,0.00520833,0.00485437,0.72685185,0.06944444,0.23673469,0.640839,0,1,1
2,1,4,0.0877193,0.05263158,26.22222222,0.00892857,0.00571429,0.00520833,0.72596154,0.07211538,0.32998866,0.62157974,0,1,1
2,4,4,0.08163265,0.08163265,20.07142857,0.00740741,0.00469484,0.00425532,0.79116466,0.04819277,0.38142904,0.63882929,0,1,1
2,2,3,0.1,0.05454545,23.4,0.00917431,0.00564972,0.00515464,0.77884615,0.01923077,0.34479692,0.63394958,0,1,1
2,2,3,0.0990991,0.07207207,28,0.00909091,0.00591716,0.00540541,0.75252525,0.03535354,0.33686224,0.60314626,0,1,1
3,3,6,0.08088235,0.05882353,25.18181818,0.00847458,0.00510204,0.00446429,0.8,0.04,0.33573642,0.6380185,0,1,1
2,1,4,0.09756098,0.04878049,21,0.0078125,0.00510204,0.0046729,0.77927928,0.03603604,0.45719643,0.69971429,0,1,1
2,4,4,0.08461538,0.07692308,32.625,0.00862069,0.00520833,0.00471698,0.78070175,0.03070175,0.43608387,0.63422511,0,1,1
2,2,4,0.08088235,0.08088235,22.33333333,0.00769231,0.00485437,0.00440529,0.79237288,0.03813559,0.46542582,0.61868132,0,1,1
4,2,4,0.09677419,0.05645161,18.92307692,0.00787402,0.00507614,0.00478469,0.7535545,0.06161137,0.25393087,0.52796799,0,1,1
2,1,4,0.078125,0.0546875,26.4,0.00909091,0.00529101,0.00465116,0.79411765,0.03361345,0.38452971,0.5927317,0,1,1
2,0,4,0.09375,0.0703125,23.08333333,0.008,0.0049505,0.00444444,0.77083333,0.01666667,0.36315963,0.58557359,0,1,1
2,4,4,0.08633094,0.08633094,23.83333333,0.00900901,0.00546448,0.0047619,0.76518219,0.03238866,0.34361429,0.59014286,0,1,1
2,2,3,0.09482759,0.06034483,23.3,0.00961538,0.00588235,0.00534759,0.71497585,0.04830918,0.44051587,0.54548942,0,1,1
2,4,3,0.08571429,0.07619048,30.57142857,0.01,0.00613497,0.00561798,0.80729167,0.02604167,0.34659728,0.5364273,0,1,1
4,1,3,0.09375,0.046875,18.46153846,0.00884956,0.00561798,0.00520833,0.78217822,0.03465347,0.34765931,0.61506277,0,1,1
2,1,4,0.08396947,0.0610687,18.92307692,0.00757576,0.005,0.00480769,0.75829384,0.03791469,0.34641775,0.66065476,0,1,1
2,1,3,0.09259259,0.05555556,27,0.00884956,0.00555556,0.00518135,0.78865979,0.04123711,0.4685588,0.63546176,0,1,1
4,1,4,0.09210526,0.03289474,20,0.00833333,0.00552486,0.0049505,0.79741379,0.02586207,0.41390476,0.65999206,0,1,1
2,3,4,0.09836066,0.05737705,25.4,0.00925926,0.00537634,0.00469484,0.77292576,0.04366812,0.5202136,0.69149009,0,1,1
2,4,4,0.08391608,0.09090909,30.77777778,0.00862069,0.00520833,0.00460829,0.7804878,0.04471545,0.43659864,0.69566893,0,1,1
4,2,4,0.08219178,0.04794521,19.2,0.00746269,0.00469484,0.00429185,0.78661088,0.0376569,0.43270887,0.57330844,0,1,1
2,2,4,0.09489051,0.08759124,20.38461538,0.00735294,0.00473934,0.0044843,0.76521739,0.02608696,0.34319505,0.67256494,0,1,1
2,4,4,0.08527132,0.0620155,20.16666667,0.00833333,0.00543478,0.0049505,0.78095238,0.01904762,0.51205952,0.62909524,0,1,1
2,1,4,0.08510638,0.05673759,20.07142857,0.00729927,0.00473934,0.00431034,0.81927711,0.04016064,0.38381043,0.61117875,0,1,1
2,1,3,0.10185185,0.06481481,18.66666667,0.00892857,0.00591716,0.00549451,0.78061224,0.04591837,0.16283395,0.42548959,0,1,1
4,1,3,0.08633094,0.04316547,22.41666667,0.008,0.00505051,0.00471698,0.75330396,0.03964758,0.31319313,0.68804014,0,1,1
2,4,4,0.08695652,0.07246377,21.23076923,0.00787402,0.00490196,0.00446429,0.78099174,0.02479339,0.33078463,0.62347763,0,1,1
2,6,3,0.10416667,0.08333333,20.11111111,0.01020408,0.00704225,0.00666667,0.75324675,0.03896104,0.40484127,0.66507937,0,1,1
2,4,3,0.08737864,0.05825243,20.33333333,0.01020408,0.00746269,0.00684932,0.77124183,0.02614379,0.44665533,0.47568027,0,1,1
2,4,3,0.09375,0.07291667,16.18181818,0.01020408,0.00746269,0.0070922,0.75,0.00694444,0.35162698,0.54876984,0,1,1
2,2,3,0.125,0.0625,20,0.01149425,0.008,0.00757576,0.72142857,0.03571429,0.35265963,0.64724026,0,1,1
2,1,6,0.08403361,0.05882353,18.53846154,0.00862069,0.00555556,0.00520833,0.78947368,0.05263158,0.35069264,0.58909091,0,1,1
2,0,4,0.10833333,0.05,15.26666667,0.00877193,0.00561798,0.00512821,0.815,0.02,0.33980237,0.54789196,0,1,1
2,2,3,0.07758621,0.06034483,20.5,0.00869565,0.00584795,0.00564972,0.83425414,0.02209945,0.26045455,0.53747835,0,1,1
2,0,4,0.10344828,0.02586207,16.14285714,0.00970874,0.00617284,0.00543478,0.81094527,0.05472637,0.29727273,0.54805195,0.99999842,1,1
2,0,3,0.07142857,0.04464286,24.55555556,0.00900901,0.00595238,0.00549451,0.83419689,0.03626943,0.27860882,0.4886708,0,1,1
2,0,4,0.09774436,0.04511278,15.3125,0.00909091,0.00537634,0.00490196,0.76388889,0.04166667,0.35348485,0.56575758,0,1,1
2,0,4,0.09473684,0.05263158,19.36363636,0.00990099,0.00598802,0.00540541,0.83333333,0.03645833,0.2240404,0.61525253,0,1,1
2,0,4,0.0990099,0.05940594,17.16666667,0.01052632,0.00641026,0.00595238,0.76836158,0.01129944,0.43735863,0.79546131,0.00000003,1,1
2,0,4,0.09615385,0.01923077,16.07692308,0.00862069,0.00571429,0.00552486,0.76086957,0.02717391,0.31790909,0.69736364,0,1,1
2,0,4,0.09565217,0.04347826,16.07692308,0.00900901,0.0060241,0.00581395,0.69230769,0.03296703,0.4225,0.61583333,0,1,1
2,0,4,0.10204082,0.07142857,19,0.00943396,0.00625,0.00584795,0.75842697,0.04494382,0.19806397,0.55669473,0,1,1
2,0,4,0.11111111,0.05050505,15.23076923,0.01020408,0.00694444,0.00628931,0.76785714,0.03571429,0.26082935,0.55098086,0.0000001,1,1
2,0,3,0.1,0.08888889,15.54545455,0.01075269,0.00746269,0.00729927,0.71014493,0.03623188,0.26931818,0.50454545,0,0,0.5
6,2,1,0.07627119,0.05932203,20.2,0.00917431,0.00666667,0.00653595,0.76774194,0.03870968,0.18734848,0.54041558,0,1,0.75
2,1,1,0.104,0.048,19.58333333,0.0075188,0.00540541,0.00515464,0.73529412,0.04411765,0.29023715,0.55731225,0,1,1
4,0,1,0.08653846,0.05769231,18.77777778,0.01,0.00704225,0.00704225,0.83333333,0.04861111,0.21432217,0.44019139,0,1,1
2,1,3,0.08849558,0.09734513,20,0.00854701,0.00564972,0.00543478,0.72826087,0.05978261,0.22477183,0.48646825,0,1,1
4,4,4,0.09032258,0.07096774,17.0625,0.00694444,0.00458716,0.00442478,0.83333333,0.03070175,0.20215326,0.48065268,0,1,1
4,0,4,0.08130081,0.05691057,16.76923077,0.01,0.00613497,0.00568182,0.80952381,0.04232804,0.22322727,0.50937879,0,1,1
4,2,4,0.0887574,0.06508876,18.23529412,0.00684932,0.00423729,0.00389105,0.77067669,0.04511278,0.27814272,0.51977936,0,1,1
4,5,4,0.0872093,0.06395349,18.94117647,0.00671141,0.00414938,0.00374532,0.80141844,0.04964539,0.26851515,0.54510606,0,1,1
2,1,1,0.08333333,0.11111111,21.16666667,0.01449275,0.01052632,0.01,0.80733945,0.05504587,0.20209957,0.48600649,0.00000047,1,1
2,0,1,0.08695652,0.02173913,21.25,0.01818182,0.01388889,0.01351351,0.78205128,0.07692308,0.39537879,0.54181818,0.08936793,1,1
5,3,4,0.0726257,0.08379888,23.21428571,0.00719424,0.00446429,0.00396825,0.78700361,0.0433213,0.24465404,0.52625685,0,1,1
5,2,4,0.07692308,0.07692308,17.88235294,0.00729927,0.00440529,0.00406504,0.79230769,0.05384615,0.23861808,0.55148828,0,1,1
3,2,4,0.08227848,0.05696203,16.72222222,0.00763359,0.0047619,0.00416667,0.76981132,0.04528302,0.21776393,0.55507331,0,1,1
5,5,4,0.07486631,0.07486631,20.29411765,0.00675676,0.004,0.00358423,0.81727575,0.04318937,0.31128535,0.66174747,0,1,1
4,2,3,0.07936508,0.07142857,21.36363636,0.00869565,0.00529101,0.0049505,0.82038835,0.05339806,0.30419631,0.60272727,0,1,1
2,3,3,0.08461538,0.06923077,18.30769231,0.00862069,0.00574713,0.00518135,0.81428571,0.04761905,0.24442584,0.59326156,0,1,1
2,2,3,0.09375,0.0546875,16.71428571,0.00909091,0.00595238,0.00540541,0.77114428,0.04975124,0.2538843,0.56150826,0.00083899,1,1
2,2,4,0.08196721,0.05737705,17.38461538,0.00952381,0.00617284,0.00564972,0.75773196,0.08247423,0.25945221,0.56725524,0.00004582,1,1
4,0,4,0.09868421,0.03289474,16.88235294,0.00763359,0.0045045,0.00423729,0.7755102,0.06122449,0.24016274,0.5270651,0,1,1
2,0,3,0.07843137,0.04575163,22.61538462,0.00645161,0.00414938,0.00393701,0.78625954,0.04580153,0.23463131,0.61568182,0,1,1
4,1,3,0.09322034,0.05932203,14.92307692,0.00970874,0.00675676,0.00645161,0.83125,0.0375,0.27815083,0.45991736,0,1,1
2,2,4,0.08730159,0.07142857,17.14285714,0.00775194,0.00512821,0.00490196,0.71980676,0.05797101,0.27659091,0.52474747,0,1,1
5,1,4,0.1,0.05,15.375,0.00763359,0.00515464,0.00497512,0.77073171,0.05853659,0.24704004,0.49983225,0,1,1
5,0,3,0.09929078,0.04255319,15.25,0.00813008,0.00540541,0.00518135,0.75773196,0.06185567,0.27265152,0.52657343,0,1,1
5,1,1,0.09615385,0.05769231,17.8,0.00980392,0.00719424,0.00699301,0.80136986,0.04794521,0.2265508,0.57994652,0,1,1
2,2,3,0.08163265,0.09183673,19,0.00980392,0.00675676,0.00649351,0.75159236,0.05095541,0.12905844,0.56432179,0,1,1
2,3,4,0.09009009,0.08108108,15.38461538,0.00925926,0.00598802,0.00578035,0.84393064,0.02312139,0.3875,0.55549242,0,1,1
4,1,4,0.09489051,0.04379562,18.92307692,0.0075188,0.00502513,0.00487805,0.78536585,0.06341463,0.27940115,0.51630592,0,1,1
5,1,3,0.07874016,0.07086614,20.18181818,0.00900901,0.00641026,0.00628931,0.75308642,0.04320988,0.2432197,0.58022727,0,1,1
4,0,3,0.09090909,0.04895105,17,0.00704225,0.00473934,0.00456621,0.80821918,0.05022831,0.2154021,0.52252997,0,1,1
2,5,3,0.07633588,0.0610687,21.81818182,0.00900901,0.00537634,0.00502513,0.81132075,0.04716981,0.18957431,0.51930014,0,1,1
2,1,5,0.09166667,0.05,20.08333333,0.00819672,0.0052356,0.00490196,0.77990431,0.0430622,0.19193506,0.46992641,0,1,1
4,3,1,0.08396947,0.07633588,19.09090909,0.00862069,0.00617284,0.0060241,0.77514793,0.0591716,0.24742424,0.52965909,0,1,1
4,1,3,0.09821429,0.03571429,16.25,0.00980392,0.00662252,0.00628931,0.83950617,0.04938272,0.32768595,0.51093452,0.00001252,1,1
4,0,5,0.10204082,0.02040816,16.9375,0.00724638,0.00456621,0.00434783,0.80952381,0.04329004,0.32446186,0.55410658,0,1,1
5,2,5,0.075,0.1,22.84615385,0.00680272,0.00440529,0.00421941,0.8,0.03333333,0.21683647,0.54657785,0,1,1
2,1,5,0.09333333,0.05333333,17.4375,0.00826446,0.00518135,0.00473934,0.80257511,0.03862661,0.32496435,0.60524064,0.00000566,1,1
2,1,4,0.09009009,0.06306306,19.09090909,0.00943396,0.00591716,0.00552486,0.74594595,0.03783784,0.06125541,0.55555556,0,-1,0.25
2,2,4,0.08196721,0.06557377,18.53846154,0.0078125,0.00497512,0.0047619,0.78571429,0.02380952,0.00240385,0.57211538,0,-1,0.25
2,0,3,0.07954545,0.03409091,22.125,0.01052632,0.0070922,0.00666667,0.72903226,0.07096774,-0.24730769,0.55410256,0,-1,0.25
2,0,4,0.09803922,0.06862745,16.75,0.00943396,0.00617284,0.00591716,0.69186047,0.05232558,-0.1848539,0.72740801,0,-1,0.25
2,0,4,0.08035714,0.0625,21.4,0.00925926,0.00578035,0.00543478,0.71657754,0.03743316,0.21781994,0.65186012,0,-1,0.25
2,0,3,0.07368421,0.06315789,22.625,0.01086957,0.00694444,0.00649351,0.7375,0.04375,0.3852381,0.65793651,0.00000759,1,0.75
2,0,3,0.06837607,0.06837607,34.5,0.00925926,0.00588235,0.00571429,0.73913043,0.02173913,0.0689304,0.6047326,0,-1,0.25
2,0,4,0.07317073,0.06504065,18.08333333,0.01,0.00613497,0.00552486,0.70157068,0.04188482,0.18872549,0.72924837,0,0,0.5
2,0,4,0.06451613,0.04032258,17.08333333,0.01010101,0.00666667,0.00625,0.71111111,0.04444444,0.06914286,0.55960317,0.00000001,1,0.75
2,1,4,0.08264463,0.07438017,18,0.00990099,0.00621118,0.00574713,0.73796791,0.06417112,-0.04907407,0.59351852,0.00063881,-1,0.25
2,0,4,0.07142857,0.06349206,19.66666667,0.01204819,0.00775194,0.00671141,0.8,0.03902439,0.05715278,0.50659722,0.00078104,-1,0.25
2,0,4,0.072,0.04,21,0.00952381,0.00625,0.00561798,0.70935961,0.06896552,0.05128788,0.63609307,0,1,0.75
2,0,4,0.07194245,0.05755396,22.08333333,0.00854701,0.00549451,0.00510204,0.7699115,0.03097345,-0.10922619,0.64178571,0.96974252,-1,0.25
2,0,4,0.0729927,0.04379562,24.4,0.00990099,0.00636943,0.00564972,0.75119617,0.01913876,-0.11222222,0.62638889,0.00019199,-1,0.25
2,0,4,0.07246377,0.06521739,22.81818182,0.00943396,0.00578035,0.00515464,0.69545455,0.03636364,0.00685941,0.63407029,0,0,0.5
2,0,4,0.07627119,0.05932203,25.66666667,0.00980392,0.00606061,0.00534759,0.74634146,0.03414634,0.1375,0.6625,0,1,1
2,0,4,0.08064516,0.06451613,21.72727273,0.00884956,0.00568182,0.00518135,0.72380952,0.02857143,-0.04375,0.70671296,0,-1,0.25
2,0,4,0.07317073,0.04878049,18.25,0.01075269,0.00671141,0.00591716,0.76410256,0.01025641,-0.16666667,0.71712963,0.00000001,1,0.75
2,0,4,0.07438017,0.04958678,20.75,0.00909091,0.00537634,0.00485437,0.80733945,0.00917431,-0.08199856,0.69007937,0,1,0.75
2,0,4,0.09803922,0.06862745,16.75,0.00943396,0.00617284,0.00591716,0.69186047,0.05232558,-0.1848539,0.72740801,0,-1,0.25
2,2,5,0.11188811,0.08391608,28.7,0.00787402,0.00497512,0.00434783,0.75697211,0.00796813,-0.01292421,0.5488036,0,-1,0.25
2,0,5,0.11711712,0.04504505,19.25,0.00869565,0.00561798,0.00526316,0.80676329,0.02415459,0.05936508,0.49206349,0,-1,0.25
2,0,5,0.09565217,0.06086957,16.5,0.0075188,0.00518135,0.00505051,0.72222222,0.07575758,0.19003205,0.60980769,0,-1,0.25
2,3,5,0.08333333,0.07051282,22.61538462,0.00735294,0.0044843,0.00409836,0.74329502,0.03065134,0.16015362,0.50041727,0.99996532,0,0.5
2,2,6,0.09259259,0.08333333,19.81818182,0.00952381,0.00598802,0.00564972,0.81578947,0.03157895,-0.04666667,0.66190476,0,-1,0.25
2,0,4,0.09259259,0.03703704,18.81818182,0.00909091,0.00606061,0.00571429,0.79891304,0.0326087,0.21292208,0.53142857,0,-1,0.25
2,3,5,0.09756098,0.08130081,24,0.00819672,0.00515464,0.00485437,0.75943396,0.03773585,0.13416667,0.56690476,0,-1,0.25
2,1,5,0.09722222,0.09027778,19.78571429,0.00746269,0.0046729,0.004329,0.7768595,0.02479339,-0.04628205,0.64583333,0,-1,0.25
2,1,4,0.11016949,0.05084746,14.8,0.00826446,0.00561798,0.00526316,0.71282051,0.03076923,-0.10270115,0.55880952,0,-1,0.25
2,1,5,0.11510791,0.10071942,17,0.0070922,0.00452489,0.00425532,0.744,0.024,0.00210373,0.54102564,0,-1,0.25
2,0,5,0.11290323,0.05645161,18.38461538,0.00746269,0.00510204,0.0047619,0.77251185,0.05687204,-0.12465051,0.57043707,0,-1,0.25
2,2,5,0.08843537,0.06122449,16.82352941,0.00699301,0.00458716,0.00429185,0.74509804,0.0627451,0.13445112,0.54911058,0,-1,0.25
2,0,5,0.10434783,0.06086957,21.45454545,0.00854701,0.00546448,0.00505051,0.8,0.0195122,-0.01951578,0.51269247,0,-1,0.25
2,0,5,0.1,0.06666667,15.38888889,0.00689655,0.00458716,0.0042735,0.79012346,0.04526749,-0.23311966,0.52165242,0,-1,0
2,1,4,0.08333333,0.07575758,17.21428571,0.00862069,0.00537634,0.00497512,0.76886792,0.08962264,0.150625,0.4853125,0,-1,0.25
2,1,3,0.07142857,0.1122449,21.66666667,0.00925926,0.00617284,0.0060241,0.76506024,0.05421687,0.10995418,0.53498567,0,-1,0.25
2,0,6,0.09302326,0.06976744,17,0.00840336,0.00540541,0.00487805,0.73893805,0.03539823,0.0350416,0.52184698,0.00001959,-1,0.25
2,1,5,0.07407407,0.04444444,23.90909091,0.00724638,0.00452489,0.00423729,0.76271186,0.04661017,0.15217391,0.43074534,0,-1,0.25
2,3,4,0.09756098,0.08943089,17.28571429,0.00793651,0.005,0.0047619,0.77142857,0.02380952,0.09774454,0.51989237,0,-1,0.25
3,3,4,0.08552632,0.07236842,18.6,0.00746269,0.00458716,0.00423729,0.73061224,0.05306122,-0.11414724,0.60588675,0,-1,0.25
2,0,6,0.11650485,0.04854369,14.35714286,0.00952381,0.00628931,0.00584795,0.70285714,0.02857143,0.16056818,0.56439394,0,-1,0.25
2,3,4,0.07534247,0.10273973,23.91666667,0.00625,0.0041841,0.00398406,0.73809524,0.04365079,0.09595411,0.50386473,0,-1,0
2,0,3,0.08653846,0.06730769,19.27272727,0.00943396,0.00581395,0.00537634,0.78534031,0.02617801,-0.00591041,0.47762319,0.00000003,-1,0.25
2,1,4,0.08035714,0.08035714,19.63636364,0.00806452,0.00568182,0.00543478,0.76595745,0.03191489,0.04457386,0.55432449,0,-1,0.25
2,2,3,0.06956522,0.04347826,33.83333333,0.01020408,0.00621118,0.00555556,0.82162162,0.02702703,-0.00924812,0.49659148,0,-1,0.25
2,2,2,0.06140351,0.07017544,30.71428571,0.00917431,0.00588235,0.00549451,0.67391304,0.0326087,0.04901961,0.50448179,0,-1,0.25
2,0,5,0.06060606,0.06818182,18.61538462,0.00917431,0.00595238,0.00537634,0.7,0.055,-0.06007619,0.57550476,0,0,0.5
2,2,3,0.05737705,0.07377049,29.57142857,0.00854701,0.00571429,0.00543478,0.67204301,0.0483871,0.04900794,0.49503968,0,1,0.75
2,3,4,0.05511811,0.07086614,26.88888889,0.00884956,0.00595238,0.00552486,0.78712871,0.03960396,0.01666667,0.62916667,0,0,0.5
2,3,5,0.07534247,0.06849315,21.15384615,0.00862069,0.00480769,0.00431034,0.74793388,0.04132231,0.02569444,0.52395833,0,1,0.75